Player,Nation,Pos,Squad,Age,Born,90s,Att,Live,Dead,FK,TB,Press,Sw,Crs,CK,In,Out,Str,Ground,Low,High,Left,Right,Head,TI,Other,Cmp,Off,Out,Int,Blocks
Max Aarons,eng ENG,DF,Norwich City,21,2000,32,1440,1102,338,27,2,173,19,45,0,0,0,0,847,307,286,157,929,29,311,2,1087,7,28,52,56
Che Adams,sct SCO,FW,Southampton,25,1996,22.7,484,468,16,0,4,137,10,11,0,0,0,0,307,99,78,44,350,28,1,16,337,2,10,26,31
Rayan Aït Nouri,fr FRA,DF,Wolves,20,2001,20.3,1003,788,215,16,1,135,36,56,29,8,17,2,557,215,231,672,108,42,170,0,754,2,28,33,31
Kristoffer Ajer,no NOR,DF,Brentford,23,1998,22.2,873,721,152,8,0,138,15,12,0,0,0,0,449,217,207,42,577,63,144,2,629,4,23,33,40
Nathan Aké,nl NED,DF,Manchester City,26,1995,10.3,855,813,42,16,0,71,5,0,0,0,0,0,716,67,72,621,155,28,26,2,780,0,10,7,8
Marc Albrighton,eng ENG,FWDF,Leicester City,31,1989,12.6,551,450,101,15,0,96,33,31,37,26,6,1,308,111,132,39,437,20,48,1,345,5,5,31,38
Thiago Alcántara,es ESP,MF,Liverpool,30,1991,17,1479,1460,19,12,3,215,63,2,1,0,1,0,1139,138,202,97,1308,35,3,5,1325,2,15,42,23
Trent Alexander-Arnold,eng ENG,DF,Liverpool,22,1998,31.7,2706,2155,551,90,20,237,199,127,131,28,89,2,1403,476,827,279,2018,60,330,6,2013,6,38,102,77
Alisson,br BRA,GK,Liverpool,28,1992,36,1360,1127,233,62,2,96,37,0,0,0,0,0,969,68,323,100,1030,3,0,195,1178,0,18,19,0
Allan,br BRA,MF,Everton,30,1991,24.3,967,905,62,21,0,156,17,6,0,0,0,0,666,112,189,87,824,34,10,3,757,5,16,44,29
Dele Alli,eng ENG,MF,Everton,25,1996,3.8,152,140,12,2,1,34,1,4,1,0,0,0,110,24,18,5,132,4,4,1,114,3,3,9,5
Dele Alli,eng ENG,MFFW,Tottenham,25,1996,7.3,214,202,12,6,0,42,2,3,0,0,0,0,149,33,32,10,180,12,3,3,167,1,2,11,7
Miguel Almirón,py PAR,MFFW,Newcastle Utd,27,1994,19.1,505,496,9,2,1,86,5,22,1,1,0,0,403,47,55,457,21,15,5,3,406,2,7,14,20
Marcos Alonso,es ESP,DF,Chelsea,30,1990,24.1,1456,1162,294,26,1,234,50,64,65,34,23,2,867,292,297,1060,110,38,203,3,1132,3,25,48,42
Steven Alzate,co COL,MF,Brighton,22,1998,4.5,234,231,3,2,0,33,4,2,0,0,0,0,178,24,32,15,199,12,1,0,207,0,2,6,3
Daniel Amartey,gh GHA,DF,Leicester City,26,1994,23.6,1475,1447,28,21,0,137,23,0,0,0,0,0,1274,80,121,132,1259,55,6,3,1353,2,9,22,18
Joachim Andersen,dk DEN,DF,Crystal Palace,25,1996,32.4,2195,2113,82,74,2,186,110,14,1,0,0,1,1453,156,586,183,1838,110,4,7,1812,5,55,52,14
Michail Antonio,jm JAM,FW,West Ham,31,1990,33,708,671,37,3,7,220,22,54,1,0,0,0,405,157,146,105,493,28,15,8,466,6,19,34,55
Cameron Archer,eng ENG,MFFW,Aston Villa,19,2001,0.3,5,5,0,0,0,1,0,0,0,0,0,0,4,1,0,1,3,0,0,1,5,0,0,0,0
Alphonse Areola,fr FRA,GK,West Ham,28,1993,1,41,24,17,3,0,6,0,0,0,0,0,0,11,1,29,2,35,0,0,3,20,0,0,1,0
Adam Armstrong,eng ENG,FW,Southampton,24,1997,15.7,315,284,31,0,1,65,9,22,0,0,0,0,215,56,44,64,219,18,2,4,223,1,3,14,13
Stuart Armstrong,sct SCO,MF,Southampton,29,1992,16.4,734,702,32,2,1,124,9,32,2,0,1,0,564,95,75,125,577,16,7,5,583,3,10,38,23
Kepa Arrizabalaga,es ESP,GK,Chelsea,26,1994,4,139,110,29,8,0,18,4,0,0,0,0,0,95,7,37,13,96,0,0,28,115,0,3,0,0
Harrison Ashby,sct SCO,DF,West Ham,19,2001,0.1,8,7,1,0,0,0,0,0,0,0,0,0,5,2,1,0,6,1,1,0,7,0,0,0,0
Pierre-Emerick Aubameyang,ga GAB,FW,Arsenal,32,1989,11.5,205,198,7,0,1,62,3,9,0,0,0,0,120,47,38,27,151,8,1,1,145,1,2,8,11
Jordan Ayew,gh GHA,FW,Crystal Palace,29,1991,22.4,745,732,13,2,1,136,15,50,1,0,0,0,533,108,104,37,638,28,10,7,570,2,13,27,42
Luke Ayling,eng ENG,DF,Leeds United,29,1991,25.2,1558,1384,174,36,2,209,48,25,0,0,0,0,939,247,372,137,1184,64,137,6,1218,9,29,70,26
César Azpilicueta,es ESP,DF,Chelsea,31,1989,23,1713,1560,153,27,0,158,12,37,0,0,0,0,1242,217,254,126,1354,79,126,3,1442,7,19,56,39
Daniel Bachmann,at AUT,GK,Watford,27,1994,12,357,234,123,36,0,19,8,0,0,0,0,0,115,16,226,20,261,0,0,44,211,2,14,4,1
Leon Bailey,jm JAM,FWMF,Aston Villa,23,1997,8.5,224,206,18,1,0,39,11,21,12,11,1,0,130,42,52,153,54,5,4,1,149,0,4,7,15
Eric Bailly,ci CIV,DF,Manchester Utd,27,1994,2.4,80,76,4,4,0,10,2,0,0,0,0,0,56,6,18,16,52,7,0,1,64,0,1,2,2
Folarin Balogun,eng ENG,FW,Arsenal,20,2001,0.8,8,8,0,0,0,3,0,0,0,0,0,0,4,3,1,1,6,1,0,0,4,0,0,2,0
Patrick Bamford,eng ENG,FW,Leeds United,27,1993,6.2,103,87,16,0,1,19,4,4,0,0,0,0,76,18,9,74,18,8,1,1,85,0,4,1,4
Shandon Baptiste,gd GRN,MF,Brentford,23,1998,10.1,306,303,3,1,1,58,3,5,0,0,0,0,232,34,40,43,241,11,2,1,255,0,5,11,4
Ross Barkley,eng ENG,MF,Chelsea,27,1993,2,127,120,7,0,3,32,4,1,7,0,5,1,99,11,17,15,103,3,0,0,105,0,1,5,4
Ashley Barnes,eng ENG,FW,Burnley,31,1989,9,199,196,3,0,0,90,4,4,0,0,0,0,113,46,40,28,113,18,0,3,130,6,10,6,8
Harvey Barnes,eng ENG,FWMF,Leicester City,23,1997,23.3,751,744,7,0,3,172,14,40,0,0,0,0,533,111,107,82,614,26,5,4,557,2,12,38,33
Lewis Bate,eng ENG,MF,Leeds United,18,2002,1.6,54,54,0,0,0,11,2,0,0,0,0,0,38,9,7,41,10,2,0,0,41,0,1,5,0
Mads Bech Sørensen,dk DEN,DF,Brentford,22,1999,9.3,500,425,75,4,0,37,3,19,0,0,0,0,326,44,130,331,61,28,71,0,387,1,7,12,12
Jan Bednarek,pl POL,DF,Southampton,25,1996,29.2,1431,1349,82,42,0,184,33,6,0,0,0,0,974,121,336,202,1029,96,39,4,1185,1,32,17,10
Donny van de Beek,nl NED,MF,Everton,24,1997,5.4,241,235,6,1,0,38,2,6,1,1,0,0,193,17,31,33,191,11,1,0,202,1,4,8,4
Donny van de Beek,nl NED,MF,Manchester Utd,24,1997,0.8,32,32,0,0,1,8,0,0,0,0,0,0,27,3,2,4,26,0,0,0,25,1,0,2,1
Asmir Begović,ba BIH,GK,Everton,34,1987,3,84,45,39,8,0,4,1,0,0,0,0,0,11,4,69,3,64,1,0,4,35,0,4,1,3
Saïd Benrahma,dz ALG,FWMF,West Ham,25,1995,24.1,831,810,21,4,2,151,19,64,1,0,0,0,611,105,115,135,648,25,4,7,625,1,20,39,34
Rodrigo Bentancur,uy URU,MF,Tottenham,24,1997,15.1,1015,995,20,17,2,134,23,10,0,0,0,0,865,60,90,190,781,24,3,1,905,0,6,20,21
Christian Benteke,be BEL,FW,Crystal Palace,30,1990,12.7,300,279,21,1,1,113,6,2,0,0,0,0,151,80,69,18,176,33,3,4,205,3,8,15,8
Jóhann Berg Guðmundsson,is ISL,MF,Burnley,30,1990,12.2,345,342,3,0,2,77,15,42,1,1,0,0,191,57,97,253,44,27,1,3,218,3,8,11,22
Steven Bergwijn,nl NED,FWMF,Tottenham,23,1997,6.3,178,171,7,1,1,32,2,6,1,1,0,0,140,19,19,8,158,5,5,1,148,0,3,10,6
Ryan Bertrand,eng ENG,DF,Leicester City,31,1989,3.7,191,143,48,4,0,24,6,1,10,4,4,1,115,48,28,136,11,9,34,0,154,0,4,6,8
Mads Bidstrup,dk DEN,MF,Brentford,20,2001,0.5,11,11,0,0,0,1,0,0,0,0,0,0,7,2,2,3,7,1,0,0,8,0,0,0,0
Yves Bissouma,ml MLI,MF,Brighton,24,1996,23.5,1183,1161,22,20,1,159,28,5,0,0,0,0,1003,87,93,123,1003,33,2,7,1061,2,7,30,16
Willy Boly,ci CIV,DF,Wolves,30,1991,10,541,523,18,13,0,51,2,0,0,0,0,0,413,27,101,45,451,23,4,1,450,1,13,12,3
Jarrod Bowen,eng ENG,FW,West Ham,24,1996,33.1,862,746,116,19,5,176,80,57,84,70,2,4,515,133,214,634,161,23,4,6,586,3,15,36,41
Jarrad Branthwaite,eng ENG,DF,Everton,19,2002,4.3,116,109,7,6,0,23,1,0,0,0,0,0,71,19,26,61,36,11,1,0,85,0,8,4,3
Armando Broja,al ALB,FW,Southampton,19,2001,21.9,404,399,5,0,0,146,2,19,0,0,0,0,214,105,85,23,238,58,0,3,250,0,9,23,18
Josh Brownhill,eng ENG,MF,Burnley,25,1995,32.8,1191,1122,69,25,2,217,43,25,22,17,2,3,693,167,331,116,912,99,6,5,900,11,18,35,28
Lewis Brunt,eng ENG,MF,Leicester City,20,2000,0.3,21,21,0,0,0,3,1,0,0,0,0,0,19,1,1,3,18,0,0,0,21,0,0,0,0
Bryan,es ESP,FWMF,Tottenham,20,2001,1,63,60,3,1,0,7,0,4,0,0,0,0,53,6,4,60,1,0,2,0,49,0,0,6,2
Emi Buendía,ar ARG,FWMF,Aston Villa,24,1996,21.1,876,821,55,12,10,188,26,19,17,8,4,1,671,106,99,105,723,15,9,7,697,4,17,49,21
Dan Burn,eng ENG,DF,Brighton,29,1992,11.4,624,605,19,12,1,55,13,1,0,0,0,0,462,48,114,497,59,39,6,2,507,2,11,16,9
Dan Burn,eng ENG,DF,Newcastle Utd,29,1992,16,574,566,8,5,0,94,7,1,0,0,0,0,375,61,138,391,69,60,3,3,460,0,18,8,10
Jack Butland,eng ENG,GK,Crystal Palace,28,1993,8.5,279,188,91,25,0,16,5,0,0,0,0,0,174,1,104,64,171,0,0,35,205,0,4,1,1
Sam Byram,eng ENG,DF,Norwich City,27,1993,11.4,486,417,69,7,0,50,5,8,0,0,0,0,307,88,91,37,335,34,62,1,380,1,23,11,13
Willy Caballero,ar ARG,GK,Southampton,39,1981,2,59,41,18,5,0,1,1,0,0,0,0,0,17,0,42,7,50,0,0,0,39,0,2,1,0
Moisés Caicedo,ec ECU,MF,Brighton,19,2001,7.3,274,273,1,1,0,72,1,2,0,0,0,0,204,36,34,37,209,17,0,1,224,1,2,16,3
Dominic Calvert-Lewin,eng ENG,FW,Everton,24,1997,14.3,292,279,13,0,0,142,0,3,0,0,0,0,122,110,60,21,140,32,1,22,180,1,6,14,14
Chem Campbell,wls WAL,MF,Wolves,18,2002,0.1,10,9,1,0,0,3,0,0,0,0,0,0,8,1,1,2,6,1,1,0,9,0,0,0,0
João Cancelo,pt POR,DF,Manchester City,27,1994,35.9,3282,2944,338,51,6,295,99,103,1,1,0,0,2279,492,511,377,2479,97,286,7,2752,9,54,107,70
Sergi Canós,es ESP,DF,Brentford,24,1997,23.1,748,696,52,10,4,133,25,52,15,10,3,0,403,127,218,91,586,34,26,2,452,1,24,36,59
Todd Cantwell,eng ENG,FWMF,Norwich City,23,1998,4.9,154,148,6,3,2,21,2,3,0,0,0,0,108,25,21,15,124,8,3,1,127,0,1,6,3
Matty Cash,pl POL,DF,Aston Villa,23,1997,37.5,1586,1243,343,35,1,165,50,94,1,0,0,0,819,284,483,139,1030,81,307,3,1120,4,33,49,57
Timothy Castagne,be BEL,DF,Leicester City,25,1995,23.6,1292,1095,197,8,1,192,12,27,2,1,1,0,817,250,225,135,861,82,187,4,1068,2,17,41,33
Jonny Castro,es ESP,DF,Wolves,27,1994,11.4,600,502,98,9,1,85,7,10,0,0,0,0,412,118,70,105,383,15,89,0,506,0,3,27,16
Craig Cathcart,nir NIR,DF,Watford,32,1989,26.6,917,865,52,10,0,112,45,3,0,0,0,0,553,92,272,178,586,80,42,0,742,2,18,14,9
Edinson Cavani,uy URU,FW,Manchester Utd,34,1987,8.5,225,218,7,1,0,36,9,3,0,0,0,0,164,33,28,45,154,8,1,14,180,0,3,8,2
Kayky Chagas,br BRA,FW,Manchester City,18,2003,0.1,2,2,0,0,0,0,0,0,0,0,0,0,2,0,0,1,1,0,0,0,2,0,0,0,0
Trevoh Chalobah,eng ENG,DF,Chelsea,22,1999,16.1,1239,1206,33,25,2,109,8,3,0,0,0,0,1051,76,112,52,1096,57,8,5,1138,1,7,15,7
Calum Chambers,eng ENG,DF,Aston Villa,26,1995,9.2,460,446,14,12,1,47,5,2,0,0,0,0,323,37,100,20,396,24,2,1,384,1,5,3,7
Calum Chambers,eng ENG,DF,Arsenal,26,1995,1.9,98,83,15,4,0,10,1,2,0,0,0,0,60,22,16,4,76,4,11,1,81,0,3,4,1
Daniel Chesters,eng ENG,MF,West Ham,19,2002,0,0,0,0,0,0,0,0,0,0,0,0,0,0,0,0,0,0,0,0,0,0,0,0,0,0
Ben Chilwell,eng ENG,DF,Chelsea,24,1996,6,344,266,78,10,0,53,5,10,25,16,2,1,221,48,75,236,51,10,43,1,265,1,2,7,15
Chiquinho,pt POR,DFMF,Wolves,21,2000,2.3,108,98,10,1,0,15,8,21,1,0,1,0,53,28,27,6,82,8,8,1,72,0,2,5,7
Hamza Choudhury,eng ENG,DFMF,Leicester City,23,1997,3.2,158,146,12,3,0,38,1,0,0,0,0,0,111,21,26,8,120,11,8,0,129,0,8,3,3
Andreas Christensen,dk DEN,DF,Chelsea,25,1996,16.6,1276,1229,47,32,1,149,20,2,0,0,0,0,1063,88,125,79,1110,40,14,4,1166,0,10,17,8
Carney Chukwuemeka,lk SRI,MFFW,Aston Villa,17,2003,3.3,120,119,1,1,0,19,0,0,0,0,0,0,105,7,8,7,106,3,0,1,98,1,1,7,3
Ciaran Clark,ie IRL,DF,Newcastle Utd,31,1989,11.3,348,340,8,6,0,37,3,3,0,0,0,0,239,38,71,247,59,22,2,1,276,3,10,7,5
Tom Cleverley,eng ENG,MF,Watford,31,1989,18,626,548,78,25,2,99,19,19,33,21,10,0,351,106,169,75,485,40,7,4,461,2,12,21,9
Nathaniel Clyne,eng ENG,DF,Crystal Palace,30,1991,15,718,555,163,13,1,103,5,13,0,0,0,0,431,124,163,23,517,15,150,4,563,1,6,23,22
Conor Coady,eng ENG,DF,Wolves,28,1993,37.3,1632,1592,40,39,0,126,53,2,0,0,0,0,1282,83,267,63,1489,64,0,2,1471,3,17,21,10
Séamus Coleman,ie IRL,DF,Everton,32,1988,29.5,1237,965,272,15,1,179,17,40,0,0,0,0,616,238,383,207,683,68,257,1,913,4,34,46,31
Nathan Collins,ie IRL,DF,Burnley,20,2001,18.6,642,615,27,11,2,102,23,4,0,0,0,0,339,81,222,48,458,69,16,1,463,2,25,12,5
Aaron Connolly,ie IRL,FW,Brighton,21,2000,1.7,18,17,1,0,0,6,0,1,0,0,0,0,15,3,0,1,15,0,0,2,15,0,0,1,1
Liam Cooper,sct SCO,DF,Leeds United,29,1991,20.2,1122,1084,38,33,0,120,28,1,0,0,0,0,808,116,198,847,128,87,5,11,957,2,20,16,13
Jack Cork,eng ENG,MF,Burnley,32,1989,18.6,573,566,7,3,0,108,19,7,0,0,0,0,380,67,126,53,443,41,1,3,432,3,10,26,19
Maxwel Cornet,ci CIV,FWMF,Burnley,24,1996,19.6,434,390,44,2,2,118,19,22,34,24,5,2,274,70,90,291,78,21,5,6,285,0,4,24,18
Hélder Costa,ao ANG,MF,Leeds United,27,1994,0.2,4,4,0,0,0,1,0,0,0,0,0,0,3,1,0,3,1,0,0,0,4,0,0,0,0
Vladimír Coufal,cz CZE,DF,West Ham,28,1992,24.5,1417,1125,292,18,0,146,21,80,1,1,0,0,629,354,434,120,887,99,273,9,982,8,30,48,57
Philippe Coutinho,br BRA,MFFW,Aston Villa,29,1992,14.8,641,609,32,7,3,114,12,13,6,3,3,0,489,55,97,35,573,16,3,8,527,5,11,23,17
Aaron Cresswell,eng ENG,DF,West Ham,31,1989,30.3,2047,1705,342,57,0,209,48,63,52,13,39,0,1268,350,429,1617,120,46,233,7,1641,10,29,57,56
Charlie Cresswell,eng ENG,DF,Leeds United,18,2002,1.6,96,95,1,1,0,8,2,0,0,0,0,0,59,10,27,7,77,11,0,0,72,1,1,0,2
Cucho,co COL,FWMF,Watford,22,1999,12.7,394,354,40,8,3,88,18,26,15,6,7,0,208,82,104,49,283,25,7,3,254,0,11,17,28
Marc Cucurella,es ESP,DF,Brighton,23,1998,34.3,2322,1956,366,19,1,328,38,94,5,3,0,0,1509,463,350,1486,379,69,342,9,1895,6,28,76,82
Luke Cundle,eng ENG,MF,Wolves,19,2002,2,106,103,3,1,1,12,3,0,2,2,0,0,92,6,8,21,82,3,0,0,96,0,1,3,1
Patson Daka,zm ZAM,FW,Leicester City,22,1998,12.9,223,201,22,0,1,69,0,4,0,0,0,0,164,37,22,50,146,6,1,3,172,0,2,14,9
Stuart Dallas,nir NIR,DFMF,Leeds United,30,1991,32.4,1667,1335,332,45,3,221,61,43,55,36,12,1,978,377,312,292,1057,59,232,3,1313,7,30,49,52
Diogo Dalot,pt POR,DF,Manchester Utd,22,1999,20,1171,987,184,11,3,143,45,46,2,0,2,0,677,210,284,95,837,43,171,3,934,3,16,43,26
Karl Darlow,eng ENG,GK,Newcastle Utd,30,1990,8,253,152,101,37,0,16,19,0,0,0,0,0,70,12,171,10,198,0,0,29,152,1,7,1,1
Josh Dasilva,eng ENG,MFFW,Brentford,22,1998,2.9,88,85,3,0,0,19,0,4,0,0,0,0,69,9,10,64,16,5,2,0,71,0,1,4,2
Ben Davies,wls WAL,DF,Tottenham,28,1993,28.2,1600,1518,82,35,0,169,31,9,0,0,0,0,1251,127,222,1260,182,61,47,1,1375,1,18,40,34
Tom Davies,eng ENG,MF,Everton,23,1998,2.6,79,78,1,0,0,22,2,0,0,0,0,0,56,13,10,14,61,1,0,0,60,1,5,0,5
Keinan Davis,eng ENG,FW,Aston Villa,23,1998,0.1,3,3,0,0,0,0,0,0,0,0,0,0,1,2,0,2,0,1,0,0,3,0,0,0,0
Craig Dawson,eng ENG,DF,West Ham,31,1990,30.6,1234,1203,31,26,0,161,38,1,0,0,0,0,837,130,267,49,1029,83,3,11,1015,4,31,30,8
Kevin De Bruyne,be BEL,MF,Manchester City,30,1991,24.5,1553,1382,171,49,10,207,79,101,99,39,17,13,1103,144,306,164,1328,28,19,2,1172,9,33,72,52
Troy Deeney,eng ENG,FW,Watford,33,1988,0.3,6,6,0,0,0,1,0,0,0,0,0,0,1,4,1,0,3,2,0,0,3,0,0,0,0
Liam Delap,eng ENG,FW,Manchester City,18,2003,0.1,1,1,0,0,0,1,0,0,0,0,0,0,0,0,1,0,1,0,0,0,1,0,0,0,0
Fabian Delph,eng ENG,MF,Everton,31,1989,7.4,308,303,5,4,0,63,10,1,0,0,0,0,231,22,55,208,83,10,1,1,263,1,2,6,6
Leander Dendoncker,be BEL,MF,Wolves,26,1995,21.7,812,799,13,10,0,128,12,9,0,0,0,0,631,82,99,137,592,47,3,4,709,1,5,26,11
Emmanuel Dennis,ng NGA,FWMF,Watford,23,1997,28.7,633,598,35,1,2,160,9,29,6,1,3,0,424,137,72,78,473,23,8,8,431,4,14,38,43
Kiernan Dewsbury-Hall,eng ENG,MF,Leicester City,22,1998,23.4,1220,1172,48,13,0,251,39,50,25,20,0,0,934,126,160,1026,126,41,9,2,941,6,23,52,40
Ibrahima Diallo,fr FRA,MF,Southampton,22,1999,11.4,438,433,5,5,1,86,5,7,0,0,0,0,344,40,54,43,369,17,0,0,357,1,7,18,14
Rúben Dias,pt POR,DF,Manchester City,24,1997,26.7,2224,2175,49,36,3,161,46,5,0,0,0,0,1924,102,198,341,1769,64,12,4,2097,2,13,18,11
Luis Díaz,co COL,FW,Liverpool,24,1997,10.6,448,447,1,0,2,75,7,22,0,0,0,0,366,44,38,62,360,14,1,5,394,0,2,18,7
Eric Dier,eng ENG,DF,Tottenham,27,1994,34.1,2226,2174,52,42,4,163,59,3,0,0,0,0,1760,120,346,302,1776,91,5,6,1969,7,27,36,16
Lucas Digne,fr FRA,DF,Aston Villa,28,1993,14.1,823,628,195,19,0,107,32,62,39,13,12,2,440,185,198,607,28,33,137,2,632,0,12,25,30
Lucas Digne,fr FRA,DF,Everton,28,1993,13,678,515,163,23,0,90,16,34,21,3,13,1,335,140,203,464,29,47,119,2,487,3,19,26,35
Issa Diop,fr FRA,DF,West Ham,24,1997,10.7,469,455,14,7,1,48,5,1,0,0,0,0,362,26,81,92,336,24,1,3,404,0,9,4,1
Moussa Djenepo,ml MLI,MF,Southampton,23,1998,5.1,149,148,1,1,0,26,1,6,0,0,0,0,106,21,22,26,116,5,0,0,111,0,3,5,11
Lewis Dobbin,eng ENG,FWMF,Everton,18,2003,0.4,7,7,0,0,0,2,0,1,0,0,0,0,4,2,1,0,7,0,0,0,4,0,0,1,0
Matt Doherty,ie IRL,DF,Tottenham,29,1992,9.7,538,473,65,5,2,72,13,20,0,0,0,0,372,97,69,30,418,16,60,1,440,1,5,29,17
Gabriel Dos Santos,br BRA,DF,Arsenal,23,1997,34,2002,1943,59,36,1,178,38,4,0,0,0,0,1652,136,214,1748,144,65,4,10,1796,6,29,25,13
Abdoulaye Doucouré,ml MLI,MF,Everton,28,1993,28.2,1095,1076,19,12,2,248,12,8,0,0,0,0,805,160,130,108,887,56,2,5,877,2,17,44,33
Kieran Dowell,eng ENG,FWMF,Norwich City,23,1997,10.1,342,312,30,11,3,71,15,20,16,12,3,0,224,35,83,260,51,15,0,4,235,2,5,18,18
Cody Drameh,eng ENG,DF,Leeds United,19,2001,1.4,77,51,26,1,0,6,0,2,0,0,0,0,38,25,14,2,46,3,25,1,60,0,0,3,5
Martin Dúbravka,sk SVK,GK,Newcastle Utd,32,1989,26,845,503,342,105,0,59,23,0,0,0,0,0,304,11,530,44,669,0,0,86,535,5,18,5,2
Shane Duffy,ie IRL,DF,Brighton,29,1992,16,1007,987,20,12,0,82,26,0,0,0,0,0,791,64,152,71,839,57,7,3,894,1,16,13,6
Paul Dummett,wls WAL,DF,Newcastle Utd,29,1991,2.2,68,49,19,1,0,7,1,3,0,0,0,0,35,11,22,40,2,5,18,0,51,0,0,4,1
Lewis Dunk,eng ENG,DF,Brighton,29,1991,28.6,1881,1823,58,53,1,140,48,6,0,0,0,0,1490,129,262,121,1638,59,4,16,1676,2,29,35,12
Ederson,br BRA,GK,Manchester City,27,1993,37,1089,913,176,37,2,93,31,0,0,0,0,0,794,51,244,744,177,2,1,151,976,1,16,6,1
Odsonne Édouard,fr FRA,FW,Crystal Palace,23,1998,17.4,435,415,20,0,1,138,3,8,0,0,0,0,313,72,50,45,318,24,3,13,315,4,2,27,17
CJ Egan-Riley,eng ENG,DF,Manchester City,18,2003,0,1,1,0,0,0,1,0,0,0,0,0,0,1,0,0,0,1,0,0,0,1,0,0,0,0
Anthony Elanga,se SWE,FW,Manchester Utd,19,2002,13.5,441,429,12,0,1,104,6,16,0,0,0,0,329,58,54,76,316,18,12,1,346,1,4,27,16
Harvey Elliott,eng ENG,MF,Liverpool,18,2003,3.8,249,241,8,0,0,23,3,7,2,1,0,0,189,30,30,220,21,3,3,2,210,2,0,7,10
Mohamed Elneny,eg EGY,MF,Arsenal,29,1992,9,554,538,16,15,1,59,4,0,0,0,0,0,460,46,48,27,498,21,0,0,518,0,1,12,3
Mohamed Elyounoussi,no NOR,MFFW,Southampton,26,1994,22.7,639,634,5,2,2,163,6,35,1,0,0,0,430,104,105,99,466,42,2,5,451,2,6,36,31
Emerson,br BRA,DF,Tottenham,22,1999,25.4,1441,1175,266,25,0,199,16,60,1,0,0,0,911,319,211,127,991,59,240,4,1178,1,13,37,57
Christian Eriksen,dk DEN,MF,Brentford,29,1992,10.4,634,523,111,43,3,66,50,30,55,22,20,6,375,65,194,166,443,19,4,1,472,3,9,12,13
Oghenekaro Etebo,ng NGA,MF,Watford,25,1995,4.5,157,147,10,10,0,18,9,1,0,0,0,0,125,7,25,19,134,2,0,2,141,1,4,6,1
Jonny Evans,nir NIR,DF,Leicester City,33,1988,15,976,936,40,32,1,129,14,3,0,0,0,0,692,72,212,338,543,50,8,2,812,2,22,20,7
Eberechi Eze,eng ENG,MFFW,Crystal Palace,23,1998,6.7,304,271,33,11,1,67,11,10,19,9,4,1,211,37,56,65,218,7,1,2,235,3,6,12,8
Łukasz Fabiański,pl POL,GK,West Ham,36,1985,37,1006,657,349,69,0,76,26,0,0,0,0,0,385,42,579,58,737,4,0,145,636,0,31,5,3
Fabinho,br BRA,MF,Liverpool,27,1993,25.7,1522,1489,33,32,1,230,18,6,0,0,0,0,1139,164,219,115,1291,76,1,6,1341,2,16,24,21
Kiko Femenía,es ESP,DF,Watford,30,1991,23.8,1196,889,307,28,1,104,23,55,36,24,11,0,592,255,349,118,758,59,243,4,856,2,27,38,37
Evan Ferguson,ie IRL,MF,Brighton,16,2004,0.3,7,7,0,0,0,4,1,1,0,0,0,0,5,0,2,2,4,0,0,0,6,0,0,1,0
Nathan Ferguson,eng ENG,DF,Crystal Palace,20,2000,0.1,5,3,2,0,0,1,0,0,0,0,0,0,0,3,2,1,1,1,2,0,3,0,0,0,0
Bruno Fernandes,pt POR,MF,Manchester Utd,26,1994,34.6,2024,1836,188,45,15,344,106,82,67,21,30,0,1362,199,463,133,1803,44,22,8,1524,21,47,98,57
Álvaro Fernández,es ESP,GK,Brentford,23,1998,12,500,382,118,35,0,34,8,0,0,0,0,0,238,13,249,47,368,0,0,56,322,1,17,7,2
Federico Fernández,ar ARG,DF,Newcastle Utd,32,1989,5.8,214,207,7,5,0,20,6,0,0,0,0,0,161,10,43,11,189,9,2,1,183,0,4,4,1
Fernandinho,br BRA,MFDF,Manchester City,36,1985,10.7,806,800,6,5,5,104,15,4,0,0,0,0,664,58,84,84,694,16,1,2,730,1,5,21,6
Roberto Firmino,br BRA,FW,Liverpool,29,1991,11,501,485,16,1,2,118,9,8,0,0,0,0,392,65,44,50,417,15,7,2,393,0,4,30,24
Junior Firpo,es ESP,DF,Leeds United,24,1996,19,931,777,154,10,0,133,14,27,0,0,0,0,576,221,134,602,125,37,144,6,775,4,13,32,19
Ashley Fletcher,eng ENG,FW,Watford,25,1995,0.3,9,9,0,0,0,5,0,0,0,0,0,0,3,5,1,1,4,1,0,1,3,0,0,1,2
Phil Foden,eng ENG,FW,Manchester City,21,2000,23.6,1096,990,106,20,6,174,58,59,67,29,24,3,826,102,168,1001,56,21,6,6,884,3,13,39,34
Wesley Fofana,fr FRA,DF,Leicester City,20,2000,7,504,494,10,8,0,57,4,0,0,0,0,0,420,28,56,47,417,21,2,0,452,0,8,9,4
Pablo Fornals,es ESP,FWMF,West Ham,25,1996,31.1,1381,1310,71,7,12,241,47,49,42,32,2,1,973,167,241,153,1155,33,6,11,1036,4,22,68,52
Adam Forshaw,eng ENG,MF,Leeds United,29,1991,17,811,783,28,24,1,123,36,5,0,0,0,0,593,87,131,108,660,27,3,2,679,6,11,25,15
Marcus Forss,fi FIN,FWMF,Brentford,22,1999,2.3,41,38,3,0,0,12,0,1,0,0,0,0,18,13,10,3,25,8,0,1,24,1,1,2,1
Fraser Forster,eng ENG,GK,Southampton,33,1988,19,596,391,205,64,0,45,19,0,0,0,0,0,223,21,352,76,409,2,0,69,347,2,23,5,1
Ben Foster,eng ENG,GK,Watford,38,1983,26,869,547,322,97,1,61,38,0,0,0,0,0,174,36,659,616,141,0,0,70,417,5,40,12,5
Tariqe Fosu,gh GHA,DF,Brentford,25,1995,0.2,8,8,0,0,0,0,0,1,0,0,0,0,5,1,2,1,6,1,0,0,6,0,0,0,0
Ryan Fraser,sct SCO,FWMF,Newcastle Utd,27,1994,16.3,478,435,43,10,0,61,23,61,29,14,6,6,284,55,139,74,369,23,3,4,333,6,18,10,9
Fred,br BRA,MF,Manchester Utd,28,1993,22.5,1320,1284,36,30,4,210,46,2,0,0,0,0,1030,149,141,864,395,35,6,8,1123,4,18,40,34
Ryan Fredericks,eng ENG,DF,West Ham,28,1992,3.4,147,126,21,0,0,13,1,8,0,0,0,0,86,34,27,8,98,16,21,0,114,1,2,3,6
Leo Fuhr Hjelde,no NOR,DF,Leeds United,17,2003,1.7,111,83,28,0,0,23,2,3,0,0,0,0,51,38,22,64,10,8,28,0,84,0,5,6,4
Conor Gallagher,eng ENG,MF,Crystal Palace,21,2000,31.6,1167,1020,147,69,3,205,53,67,60,24,16,4,757,142,268,84,1011,38,4,2,890,6,21,39,32
Alejandro Garnacho,es ESP,FW,Manchester Utd,17,2004,0.1,3,3,0,0,0,2,0,0,0,0,0,0,3,0,0,3,0,0,0,0,3,0,0,0,0
Dwight Gayle,eng ENG,FW,Newcastle Utd,30,1990,0.4,13,13,0,0,0,3,0,0,0,0,0,0,10,3,0,0,11,0,0,2,11,0,0,0,1
Jean-Philippe Gbamin,ci CIV,MF,Everton,25,1995,0.7,21,20,1,1,0,3,1,0,0,0,0,0,15,3,3,4,14,3,0,0,16,0,2,1,0
David de Gea,es ESP,GK,Manchester Utd,30,1990,38,911,559,352,55,0,61,24,0,0,0,0,0,487,33,391,46,702,0,0,124,646,2,24,19,3
Joe Gelhardt,eng ENG,FWMF,Leeds United,19,2002,8.3,156,137,19,0,1,39,0,5,0,0,0,0,96,34,26,111,23,9,0,7,105,0,4,11,6
Anwar El Ghazi,nl NED,FWMF,Aston Villa,26,1995,4.3,115,113,2,0,0,23,2,11,0,0,0,0,67,23,25,19,82,7,2,0,82,0,2,1,9
Anwar El Ghazi,nl NED,FW,Everton,26,1995,0.1,9,7,2,0,0,2,0,1,2,0,0,0,8,1,0,2,6,1,0,0,8,0,0,1,0
Saman Ghoddos,ir IRN,DFMF,Brentford,27,1993,6,221,195,26,11,1,25,4,14,8,5,2,1,121,42,58,15,177,16,4,2,149,1,7,12,7
Dimitris Giannoulis,gr GRE,DF,Norwich City,25,1995,13,705,576,129,9,0,97,8,30,4,4,0,0,423,143,139,509,52,22,116,0,519,2,11,37,20
Morgan Gibbs-White,eng ENG,FWMF,Wolves,21,2000,0.1,10,9,1,0,0,1,0,0,1,1,0,0,5,4,1,1,8,0,0,1,7,0,0,0,1
Ben Gibson,eng ENG,DF,Norwich City,28,1993,27.7,1304,1248,56,42,1,147,35,0,0,0,0,0,902,80,322,1098,82,82,13,3,1065,6,26,18,11
Billy Gilmour,sct SCO,MF,Norwich City,20,2001,20.6,1200,1062,138,48,1,139,97,19,63,25,37,0,826,91,283,79,1059,44,9,0,958,2,18,46,20
Ben Godfrey,eng ENG,DF,Everton,23,1998,22.5,788,680,108,16,0,87,9,14,0,0,0,0,488,118,182,53,555,57,92,4,605,1,28,20,21
André Gomes,pt POR,MF,Everton,28,1993,6.9,279,269,10,4,0,46,9,3,1,1,0,0,195,28,56,74,189,7,0,3,213,0,7,17,8
Toti Gomes,pt POR,DF,Wolves,22,1999,4,191,189,2,1,0,25,1,1,0,0,0,0,132,11,48,137,28,13,1,0,142,0,7,5,1
Joe Gomez,eng ENG,DF,Liverpool,24,1997,3.7,286,248,38,6,0,36,15,17,0,0,0,0,194,41,51,18,213,13,32,0,228,2,6,12,4
Charlie Goode,eng ENG,DF,Brentford,25,1995,5,300,224,76,8,0,26,6,14,0,0,0,0,134,29,137,18,174,27,68,0,190,1,7,9,9
Anthony Gordon,eng ENG,MFFW,Everton,20,2001,25.4,754,660,94,27,1,141,34,71,51,25,18,2,492,98,164,70,631,22,10,4,503,4,16,49,37
Kaide Gordon,eng ENG,FW,Liverpool,16,2004,0.1,4,4,0,0,0,1,0,0,0,0,0,0,4,0,0,4,0,0,0,0,4,0,0,0,0
Dan Gosling,eng ENG,MF,Watford,31,1990,1.8,67,66,1,1,0,16,5,1,0,0,0,0,55,4,8,7,53,2,0,1,57,1,0,0,3
Demarai Gray,eng ENG,MFFW,Everton,25,1996,26,757,656,101,32,2,156,58,57,56,28,24,1,498,82,177,82,644,14,7,4,544,1,10,27,43
Jack Grealish,eng ENG,FW,Manchester City,25,1995,21.3,960,934,26,3,3,190,11,36,9,3,1,0,818,90,52,74,847,14,7,7,830,4,10,33,39
Mason Greenwood,eng ENG,FWMF,Manchester Utd,19,2001,14.1,504,487,17,2,3,97,31,25,14,11,2,1,381,50,73,380,112,5,0,2,397,2,6,21,17
Sam Greenwood,eng ENG,MFFW,Leeds United,19,2002,2.6,85,79,6,3,0,20,1,4,1,1,0,0,57,14,14,38,42,3,0,2,60,1,0,3,8
Pascal Groß,de GER,MFDF,Brighton,30,1991,22.6,1310,1116,194,57,5,163,92,66,99,37,55,3,829,161,320,212,1014,29,35,4,979,8,21,36,48
Vicente Guaita,es ESP,GK,Crystal Palace,34,1987,29.5,972,714,258,59,0,84,39,0,0,0,0,0,561,42,369,109,655,4,0,164,763,2,21,5,2
Marc Guéhi,eng ENG,DF,Crystal Palace,21,2000,35.8,2276,2212,64,59,0,178,83,2,0,0,0,0,1757,144,375,642,1485,100,5,2,1991,5,21,40,8
Bruno Guimarães,br BRA,MF,Newcastle Utd,23,1997,11.5,511,498,13,10,3,138,21,9,0,0,0,0,395,55,61,35,451,14,1,4,441,1,7,16,17
İlkay Gündoğan,de GER,MF,Manchester City,30,1990,20.6,1326,1243,83,23,5,147,45,24,53,30,8,1,1047,116,163,387,884,36,3,6,1161,2,14,24,29
Angus Gunn,eng ENG,GK,Norwich City,25,1996,9,298,173,125,40,0,12,9,0,0,0,0,0,130,7,161,17,231,0,0,39,197,2,7,1,3
Grant Hanley,sct SCO,DF,Norwich City,29,1991,32.2,1242,1187,55,54,0,127,34,1,0,0,0,0,907,97,238,80,1010,103,1,3,1053,0,23,10,12
Jack Harrison,eng ENG,FWMF,Leeds United,24,1996,29.3,1020,971,49,7,2,215,34,92,21,4,11,2,631,206,183,675,283,23,21,4,666,6,23,64,69
Kortney Hause,eng ENG,DF,Aston Villa,26,1995,4.4,206,201,5,5,0,29,8,1,0,0,0,0,139,15,52,159,25,10,0,1,162,0,10,0,5
Kai Havertz,de GER,FWMF,Chelsea,22,1999,20.1,669,640,29,0,1,166,8,20,0,0,0,0,537,81,51,472,145,15,4,10,546,5,5,25,25
Isaac Hayden,eng ENG,MFDF,Newcastle Utd,26,1995,11.1,318,302,16,9,0,67,4,5,0,0,0,0,230,42,46,36,248,19,1,1,255,0,10,8,11
Hwang Hee-chan,kr KOR,FWMF,Wolves,25,1996,20.2,626,616,10,1,2,106,9,10,2,0,0,0,486,71,69,67,514,27,2,9,509,2,5,20,20
Jordan Henderson,eng ENG,MF,Liverpool,31,1990,28.9,2202,2131,71,22,7,301,47,48,3,0,2,0,1551,267,384,291,1790,66,23,11,1846,6,22,67,49
Jeff Hendrick,ie IRL,MF,Newcastle Utd,29,1992,0.8,27,27,0,0,0,5,1,0,0,0,0,0,24,2,1,0,26,0,0,0,24,0,0,1,0
Wayne Hennessey,wls WAL,GK,Burnley,34,1987,2,80,43,37,16,0,1,0,0,0,0,0,0,11,2,67,8,60,0,0,8,40,1,3,0,0
Rico Henry,eng ENG,DF,Brentford,24,1997,30.8,1202,1078,124,7,0,186,12,50,0,0,0,0,687,243,272,889,83,85,117,1,868,2,28,49,65
Son Heung-min,kr KOR,FWMF,Tottenham,29,1992,33.4,1223,1011,212,41,3,183,37,65,157,60,57,4,872,123,228,133,1036,33,6,5,933,4,13,41,41
Ki-Jana Hoever,nl NED,DF,Wolves,19,2002,3.4,159,122,37,4,0,15,2,8,0,0,0,0,88,41,30,16,104,5,33,0,113,1,7,9,8
Pierre Højbjerg,dk DEN,MF,Tottenham,25,1995,35.5,2485,2397,88,71,7,294,84,21,2,0,0,0,2032,182,271,324,2035,80,11,7,2222,6,25,58,18
Rob Holding,eng ENG,DF,Arsenal,25,1995,9.4,474,458,16,7,0,62,10,0,0,0,0,0,372,34,68,59,374,22,7,1,418,0,9,7,5
Mason Holgate,eng ENG,DF,Everton,24,1996,23.7,803,742,61,35,0,115,38,3,0,0,0,0,437,72,294,119,540,72,25,3,564,3,28,18,10
Callum Hudson-Odoi,eng ENG,FWMF,Chelsea,20,2000,10.7,393,377,16,2,0,77,8,26,5,2,1,1,295,53,45,56,318,5,9,1,313,1,8,20,14
Will Hughes,eng ENG,MF,Crystal Palace,26,1995,11.7,523,484,39,14,1,84,18,9,23,18,4,0,357,63,103,399,83,23,1,1,428,0,3,8,12
Adam Idah,ie IRL,FWMF,Norwich City,20,2001,6.9,142,137,5,0,0,44,4,11,0,0,0,0,93,26,23,20,100,8,3,2,96,0,5,7,11
Kelechi Iheanacho,ng NGA,FW,Leicester City,24,1996,14,352,334,18,1,4,100,8,10,1,1,0,0,276,40,36,313,18,5,4,2,271,2,12,14,18
Danny Ings,eng ENG,FW,Aston Villa,29,1992,21.1,380,359,21,1,1,93,9,17,0,0,0,0,235,74,71,70,265,24,1,4,258,2,4,21,14
Tim Iroegbunam,eng ENG,MF,Aston Villa,18,2003,1,25,25,0,0,0,7,0,0,0,0,0,0,22,0,3,7,15,1,0,0,21,0,0,1,0
Alex Iwobi,ng NGA,MFDF,Everton,25,1996,22.6,785,732,53,2,6,137,11,30,0,0,0,0,538,116,131,73,642,15,46,4,606,4,10,39,24
Daniel James,wls WAL,FWMF,Leeds United,23,1997,26.3,508,476,32,1,0,104,11,44,0,0,0,0,338,85,85,99,371,18,7,3,330,2,15,32,35
Daniel James,wls WAL,FW,Manchester Utd,23,1997,1.4,32,32,0,0,0,6,1,5,0,0,0,0,27,2,3,3,28,1,0,0,22,0,1,0,1
Reece James,eng ENG,DF,Chelsea,21,1999,20.7,1667,1425,242,32,4,260,25,82,15,7,5,0,1168,310,189,122,1294,33,195,6,1442,4,13,41,48
Vitaly Janelt,de GER,MF,Brentford,23,1998,25.5,996,939,57,28,2,140,29,23,11,8,2,1,662,138,196,726,158,62,12,7,767,3,14,37,18
Pontus Jansson,se SWE,DF,Brentford,30,1991,36.9,1449,1393,56,40,0,148,17,1,0,0,0,0,1007,161,281,139,1061,153,15,4,1188,5,19,26,11
Mathias Jensen,dk DEN,MF,Brentford,25,1996,17.8,771,672,99,36,0,124,65,32,48,23,15,7,430,84,257,159,559,33,5,5,558,6,17,31,17
Gabriel Jesus,br BRA,FW,Manchester City,24,1997,20.9,758,740,18,1,2,140,8,27,0,0,0,0,624,65,69,96,614,16,5,13,638,1,9,27,20
Raúl Jiménez,mx MEX,FW,Wolves,30,1991,29.2,779,727,52,0,3,230,15,20,0,0,0,0,493,163,123,39,623,34,7,26,557,4,21,40,36
João Pedro,br BRA,FWMF,Watford,19,2001,18.3,576,545,31,3,1,160,16,25,4,0,1,0,340,121,115,60,415,40,4,11,397,6,11,29,22
Joelinton,br BRA,MFFW,Newcastle Utd,24,1996,28.4,941,928,13,0,1,300,10,18,0,0,0,0,651,170,120,149,633,55,8,18,745,1,15,41,31
Ben Johnson,eng ENG,DF,West Ham,21,2000,15.5,758,609,149,6,1,74,31,40,0,0,0,0,352,173,233,92,474,33,143,5,528,2,21,25,34
Curtis Jones,eng ENG,MF,Liverpool,20,2001,9.5,591,574,17,6,0,90,13,2,4,0,2,0,514,33,44,67,501,12,5,0,534,1,3,11,10
Phil Jones,eng ENG,DF,Manchester Utd,29,1992,1.8,79,79,0,0,0,7,0,0,0,0,0,0,65,7,7,10,62,6,0,0,71,0,1,0,2
Mathias Jørgensen,dk DEN,DF,Brentford,31,1990,5.8,332,264,68,8,0,32,7,8,1,0,0,0,177,52,103,13,219,28,59,1,247,1,3,15,5
Jorginho,it ITA,MF,Chelsea,29,1991,25.3,1856,1807,49,49,7,324,21,3,0,0,0,0,1497,143,216,129,1658,50,0,2,1664,2,16,53,14
Diogo Jota,pt POR,FW,Liverpool,24,1996,26.3,771,764,7,0,7,156,7,16,0,0,0,0,567,122,82,214,495,33,1,9,568,5,12,36,43
James Justin,eng ENG,DF,Leicester City,23,1998,11.1,653,545,108,7,0,92,11,11,0,0,0,0,416,131,106,120,393,32,101,0,524,2,10,21,22
Ozan Kabak,tr TUR,DF,Norwich City,21,2000,10.2,414,397,17,13,0,74,11,0,0,0,0,0,311,42,61,56,310,22,4,2,341,0,9,9,10
Christian Kabasele,be BEL,DF,Watford,30,1991,13.3,456,447,9,5,0,67,4,1,0,0,0,0,283,54,119,30,356,32,4,1,360,0,12,8,4
Samuel Kalu,ng NGA,FW,Watford,23,1997,2.5,65,59,6,4,1,20,2,4,2,0,2,0,45,9,11,5,53,3,0,2,54,0,0,0,0
Hassane Kamara,ci CIV,DF,Watford,27,1994,18,905,717,188,11,1,151,13,19,0,0,0,0,456,178,271,591,86,27,177,1,636,4,31,39,33
Harry Kane,eng ENG,FW,Tottenham,28,1993,35.9,952,896,56,7,19,254,38,40,0,0,0,0,570,183,199,92,744,32,14,7,659,12,14,64,65
N'Golo Kanté,fr FRA,MF,Chelsea,30,1991,19.7,1282,1275,7,7,6,195,19,11,0,0,0,0,1046,123,113,136,1112,18,0,2,1117,6,13,43,18
Edo Kayembe,cd COD,MF,Watford,23,1998,8.9,428,420,8,4,0,76,21,4,3,2,1,0,325,31,72,346,49,25,1,0,365,0,5,9,10
Moise Kean,it ITA,FW,Everton,21,2000,0,1,1,0,0,0,0,0,0,0,0,0,0,1,0,0,0,1,0,0,0,1,0,0,0,0
Michael Keane,eng ENG,DF,Everton,28,1993,31,1154,1125,29,29,1,179,45,0,0,0,0,0,707,137,310,214,758,104,0,2,896,1,30,22,11
Naby Keïta,gn GUI,MF,Liverpool,26,1995,13,759,743,16,2,1,117,3,7,0,0,0,0,614,75,70,100,621,19,4,8,651,2,8,27,11
Caoimhín Kelleher,ie IRL,GK,Liverpool,22,1998,2,90,70,20,7,0,14,0,0,0,0,0,0,73,5,12,25,53,0,0,12,81,0,1,1,0
Kenedy,br BRA,DF,Chelsea,25,1996,0.6,49,46,3,0,1,5,1,3,0,0,0,0,36,7,6,41,3,0,3,2,38,0,1,1,1
Jonjoe Kenny,eng ENG,DF,Everton,24,1997,11.3,473,380,93,4,0,74,8,15,0,0,0,0,240,102,131,21,329,25,89,1,352,4,14,19,11
Max Kilman,eng ENG,DF,Wolves,24,1997,29.9,1476,1440,36,25,1,153,44,2,0,0,0,0,1121,114,241,1012,331,77,11,3,1279,2,18,21,15
Joshua King,no NOR,FW,Watford,29,1992,25,524,487,37,0,4,185,7,24,0,0,0,0,331,101,92,29,383,25,1,17,387,4,8,23,19
Kristoffer Klaesson,no NOR,GK,Leeds United,20,2000,0.4,11,8,3,0,0,1,0,0,0,0,0,0,7,1,3,8,1,0,0,2,9,0,1,0,0
Mateusz Klich,pl POL,MF,Leeds United,31,1990,23,1004,966,38,18,3,142,15,28,2,0,0,0,730,119,155,81,851,48,11,8,786,4,20,37,26
Robin Koch,de GER,MFDF,Leeds United,25,1996,17.5,681,658,23,8,0,129,15,2,0,0,0,0,430,95,156,66,513,44,15,3,531,1,11,22,16
Sead Kolašinac,ba BIH,DF,Arsenal,28,1993,1,13,11,2,0,0,0,0,0,0,0,0,0,8,2,3,8,2,1,2,0,10,0,0,0,0
Ibrahima Konaté,fr FRA,DF,Liverpool,22,1999,11,728,718,10,8,1,69,10,0,0,0,0,0,589,54,85,37,623,42,2,4,655,1,4,9,5
Ezri Konsa,eng ENG,DF,Aston Villa,23,1997,27.5,971,927,44,35,0,113,17,1,0,0,0,0,748,86,137,91,784,49,7,7,850,0,20,18,9
Cheikhou Kouyaté,sn SEN,MF,Crystal Palace,31,1989,21.9,789,770,19,17,0,125,7,5,0,0,0,0,574,87,128,54,641,47,2,7,657,0,6,24,10
Mateo Kovačić,hr CRO,MF,Chelsea,27,1994,17.3,1193,1173,20,19,11,155,22,5,0,0,0,0,1000,100,93,50,1114,19,0,5,1065,3,7,37,15
Emil Krafth,se SWE,DF,Newcastle Utd,26,1994,18.2,760,587,173,7,0,98,11,18,0,0,0,0,410,133,217,18,510,42,166,2,555,1,12,26,24
Alex Král,cz CZE,MF,West Ham,23,1998,0,2,2,0,0,0,2,0,0,0,0,0,0,1,0,1,0,1,0,0,0,0,0,1,0,0
Tim Krul,nl NED,GK,Norwich City,33,1988,29,1057,729,328,104,1,72,31,0,0,0,0,0,531,45,481,666,190,0,0,155,730,2,29,7,2
Juraj Kucka,sk SVK,MF,Watford,34,1987,21.3,697,671,26,8,0,141,14,10,1,0,1,0,411,126,160,122,453,63,16,6,488,1,17,36,27
Dejan Kulusevski,se SWE,MFFW,Tottenham,21,2000,14,464,444,20,1,0,82,5,24,1,0,0,0,393,36,35,381,73,2,3,0,389,1,2,13,22
Alexandre Lacazette,fr FRA,FWMF,Arsenal,30,1991,19.8,456,443,13,1,3,99,6,7,0,0,0,0,342,73,41,45,378,14,1,6,350,3,5,29,10
Adam Lallana,eng ENG,MF,Brighton,33,1988,17.3,950,937,13,12,1,165,10,8,0,0,0,0,740,122,88,239,661,29,1,6,831,0,18,28,18
Tariq Lamptey,eng ENG,DFFW,Brighton,20,2000,17.3,787,715,72,5,1,113,10,72,0,0,0,0,536,130,121,155,537,19,67,2,607,2,13,20,37
Manuel Lanzini,ar ARG,MFFW,West Ham,28,1993,19.8,1217,1152,65,10,3,173,20,12,19,16,0,0,991,112,114,100,1068,28,8,6,1103,1,10,23,9
Aymeric Laporte,es ESP,DF,Manchester City,27,1994,31.4,2853,2798,55,43,3,202,64,5,0,0,0,0,2446,144,263,2050,648,91,12,7,2703,1,17,19,6
Jamaal Lascelles,eng ENG,DF,Newcastle Utd,27,1993,22.9,667,658,9,6,0,118,10,5,0,0,0,0,416,57,194,79,459,71,1,0,508,6,14,13,7
Pierre Lees-Melou,fr FRA,MF,Norwich City,28,1993,25.2,1033,1010,23,10,3,188,62,30,1,1,0,0,634,177,222,159,812,37,10,2,817,2,12,54,26
Aaron Lennon,eng ENG,MF,Burnley,34,1987,17.2,384,375,9,1,0,64,11,30,3,3,0,0,254,55,75,36,323,14,3,0,254,3,7,16,32
Bernd Leno,de GER,GK,Arsenal,29,1992,4,111,68,43,6,0,10,0,0,0,0,0,0,47,4,60,8,89,0,0,13,72,1,5,1,0
Jamal Lewis,nir NIR,DF,Newcastle Utd,23,1998,2.9,103,80,23,1,0,14,0,3,0,0,0,0,56,23,24,64,10,6,22,0,81,0,4,4,2
Victor Lindelöf,se SWE,DF,Manchester Utd,27,1994,26.2,1295,1266,29,24,5,152,36,0,0,0,0,0,1037,111,147,173,1020,62,5,6,1164,3,9,17,12
Jesse Lingard,eng ENG,FWMF,Manchester Utd,28,1992,4.1,155,152,3,0,0,14,1,8,0,0,0,0,129,16,10,15,135,3,1,1,132,0,2,3,1
Valentino Livramento,eng ENG,DF,Southampton,18,2002,24.5,1155,940,215,16,2,146,15,55,0,0,0,0,690,217,248,93,794,52,199,2,883,0,33,46,41
Diego Llorente,es ESP,DF,Leeds United,27,1993,26,1343,1298,45,35,2,194,38,2,0,0,0,0,954,141,248,309,925,65,9,8,1107,2,35,37,24
Hugo Lloris,fr FRA,GK,Tottenham,34,1986,38,943,621,322,46,1,58,15,0,0,0,0,0,543,41,359,569,155,1,0,149,746,2,13,9,1
Giovani Lo Celso,ar ARG,MFFW,Tottenham,25,1996,2.6,148,135,13,3,1,25,5,1,10,2,4,1,113,19,16,124,21,1,0,2,117,0,0,10,8
Jürgen Locadia,nl NED,FW,Brighton,27,1993,0.3,3,3,0,0,0,1,0,0,0,0,0,0,3,0,0,0,3,0,0,0,2,0,0,0,1
Ruben Loftus-Cheek,eng ENG,MFDF,Chelsea,25,1996,15.5,968,939,29,14,3,153,12,10,0,0,0,0,802,100,66,74,820,27,14,2,877,1,7,20,7
Kevin Long,ie IRL,DF,Burnley,30,1990,4.6,98,97,1,1,0,15,4,0,0,0,0,0,63,9,26,11,65,15,0,0,80,0,5,0,2
Shane Long,ie IRL,FW,Southampton,34,1987,3.4,75,74,1,0,0,35,1,4,0,0,0,0,33,21,21,7,34,7,0,5,46,0,1,2,5
Sean Longstaff,eng ENG,MF,Newcastle Utd,23,1997,16.3,606,576,30,16,1,130,18,5,1,1,0,0,434,72,100,113,443,29,1,7,491,2,9,14,12
Ademola Lookman,ng NGA,FWMF,Leicester City,23,1997,16.1,536,518,18,4,1,125,4,22,4,1,1,1,449,50,37,115,407,7,5,1,418,4,5,30,23
Jonas Lössl,dk DEN,GK,Brentford,32,1989,2,62,46,16,3,0,5,2,0,0,0,0,0,29,4,29,0,55,0,0,6,44,0,0,1,0
Imran Louza,ma MAR,MF,Watford,22,1999,15.7,716,632,84,39,1,91,28,19,31,20,7,2,421,88,207,514,129,54,8,3,536,0,13,20,13
Matthew Lowton,eng ENG,DF,Burnley,32,1989,19.7,871,674,197,17,2,91,30,39,0,0,0,0,355,203,313,56,566,48,180,3,598,5,20,28,37
Douglas Luiz,br BRA,MF,Aston Villa,23,1998,30.2,1495,1314,181,113,3,173,49,27,56,33,12,2,1076,155,264,144,1237,61,10,13,1246,4,26,35,13
Romelu Lukaku,be BEL,FW,Chelsea,28,1993,17.7,320,293,27,0,5,119,2,9,0,0,0,0,216,62,42,173,88,12,0,15,234,2,2,24,13
Lyanco,br BRA,DF,Southampton,24,1997,10.1,369,353,16,12,0,53,9,3,0,0,0,0,240,32,97,15,321,19,2,4,277,2,9,13,6
Alexis Mac Allister,ar ARG,MFFW,Brighton,22,1998,23.6,1077,995,82,29,2,186,50,20,45,25,15,1,780,124,173,128,885,27,3,10,872,2,13,37,35
James Maddison,eng ENG,MFFW,Leicester City,24,1996,27.3,1075,929,146,51,8,201,57,49,79,39,25,3,715,123,237,112,927,22,5,3,777,4,22,51,30
Harry Maguire,eng ENG,DF,Manchester Utd,28,1993,27.9,1512,1464,48,45,0,191,70,1,0,0,0,0,1098,128,286,215,1147,87,2,7,1320,5,30,17,9
Riyad Mahrez,dz ALG,FW,Manchester City,30,1991,16.6,929,838,91,11,3,120,34,54,65,32,1,12,706,79,144,833,55,16,15,1,767,4,10,26,19
Ainsley Maitland-Niles,eng ENG,MF,Arsenal,23,1997,3,136,131,5,4,0,22,2,1,0,0,0,0,99,10,27,18,104,9,1,0,105,0,4,9,2
Sadio Mané,sn SEN,FW,Liverpool,29,1992,31.3,1091,1078,13,2,4,233,17,51,0,0,0,0,814,160,117,266,763,23,9,13,819,6,28,77,54
Javier Manquillo,es ESP,DF,Newcastle Utd,27,1994,14,406,307,99,1,0,50,3,10,0,0,0,0,207,106,93,28,247,23,98,4,298,1,10,23,12
Fernando Marçal,br BRA,DF,Wolves,32,1989,16.1,870,730,140,6,1,108,19,55,3,1,1,0,525,181,164,627,67,30,131,2,677,7,13,34,30
Solly March,eng ENG,DFFW,Brighton,27,1994,19.4,765,679,86,14,1,133,48,63,35,10,18,1,489,100,176,613,68,28,35,4,552,0,11,36,37
Pablo Marí,es ESP,DF,Arsenal,27,1993,2,86,85,1,1,0,8,3,0,0,0,0,0,64,7,15,60,13,11,0,0,78,0,1,1,1
Anthony Martial,fr FRA,FW,Manchester Utd,25,1995,2.4,85,84,1,0,1,16,1,5,0,0,0,0,70,8,7,7,74,0,0,2,66,0,0,6,4
Martinelli,br BRA,FWMF,Arsenal,20,2001,20.7,612,566,46,3,0,94,21,48,30,29,0,0,432,83,97,57,510,16,10,0,453,2,11,21,27
Emiliano Martínez,ar ARG,GK,Aston Villa,28,1992,36,1081,706,375,101,0,92,34,0,0,0,0,0,562,35,484,128,738,1,0,141,781,4,35,10,2
Adam Masina,ma MAR,DF,Watford,27,1994,12,540,425,115,11,0,69,20,18,5,3,2,0,238,100,202,327,66,32,99,1,380,1,14,15,12
Arthur Masuaku,cd COD,DFFW,West Ham,27,1993,7.2,375,333,42,4,0,54,5,20,0,0,0,0,259,58,58,299,13,17,38,1,293,2,11,15,9
Juan Mata,es ESP,MF,Manchester Utd,33,1988,2.6,211,208,3,1,0,26,5,6,1,1,0,0,173,14,24,186,20,3,1,1,182,2,1,4,3
Jean-Philippe Mateta,fr FRA,FW,Crystal Palace,24,1997,12.7,243,227,16,0,0,78,2,9,0,0,0,0,153,45,45,59,129,24,0,3,169,2,4,11,14
Nemanja Matić,rs SRB,MF,Manchester Utd,32,1988,15.4,1010,980,30,25,4,168,27,5,0,0,0,0,796,96,118,792,152,34,5,4,881,3,5,30,21
Joël Matip,cm CMR,DF,Liverpool,29,1991,31,2238,2182,56,40,2,237,39,0,0,0,0,0,1735,213,290,286,1724,136,16,11,2015,3,21,32,15
Neal Maupay,fr FRA,FW,Brighton,24,1996,25.3,617,561,56,1,1,168,6,5,1,0,0,0,472,92,53,81,477,18,7,16,479,3,6,38,33
Bryan Mbeumo,fr FRA,FW,Brentford,21,1999,32.3,814,766,48,18,1,164,33,54,18,12,2,3,498,143,173,626,111,38,7,12,544,3,19,51,45
James McArthur,sct SCO,MF,Crystal Palace,33,1987,16,927,880,47,23,1,186,14,15,2,0,2,0,677,109,141,198,666,21,10,7,772,1,16,26,23
James Mcatee,eng ENG,MFFW,Manchester City,18,2002,0.2,13,13,0,0,0,4,0,0,0,0,0,0,10,3,0,10,2,0,0,0,9,0,0,0,0
Kasey McAteer,eng ENG,FW,Leicester City,19,2001,0,1,1,0,0,0,0,0,0,0,0,0,0,1,0,0,1,0,0,0,0,1,0,0,0,0
Liam McCarron,sct SCO,FW,Leeds United,20,2001,0.1,2,2,0,0,0,2,0,0,0,0,0,0,0,2,0,1,1,0,0,0,2,0,0,0,0
Alex McCarthy,eng ENG,GK,Southampton,31,1989,17,510,342,168,41,0,30,10,0,0,0,0,0,222,15,273,53,356,0,0,73,315,0,23,5,1
John McGinn,sct SCO,MF,Aston Villa,26,1994,34.3,1339,1208,131,70,7,193,100,57,52,40,6,3,863,108,368,1069,193,51,7,2,1004,8,32,58,26
Stuart McKinstry,sct SCO,MF,Leeds United,18,2002,0,4,4,0,0,0,2,0,0,0,0,0,0,3,0,1,0,4,0,0,0,3,0,0,0,0
Kenny McLean,sct SCO,MF,Norwich City,29,1992,30.1,1060,1029,31,13,1,220,27,26,2,2,0,0,640,199,221,746,149,80,13,4,782,3,17,40,37
Dwight McNeil,eng ENG,MF,Burnley,21,1999,34.5,1150,1044,106,45,5,245,95,111,49,39,5,0,735,108,307,1045,46,28,10,3,798,6,24,39,64
Scott McTominay,sct SCO,MF,Manchester Utd,24,1996,26.5,1246,1212,34,31,1,209,42,8,0,0,0,0,988,99,159,61,1088,43,1,2,1059,5,13,33,20
Ben Mee,eng ENG,DF,Burnley,31,1989,20.4,734,707,27,23,0,122,40,3,0,0,0,0,363,80,291,515,94,73,4,3,539,3,19,13,14
Hannibal Mejbri,tn TUN,FW,Manchester Utd,18,2003,0.8,21,21,0,0,0,5,0,0,0,0,0,0,21,0,0,1,19,0,0,1,17,0,1,2,0
Benjamin Mendy,fr FRA,DF,Manchester City,27,1994,0.9,87,75,12,4,0,1,3,4,0,0,0,0,61,16,10,74,2,3,8,0,73,0,0,1,6
Edouard Mendy,sn SEN,GK,Chelsea,29,1992,34,939,716,223,47,0,106,21,0,0,0,0,0,654,42,243,80,707,1,0,129,781,0,15,8,2
Nampalys Mendy,sn SEN,MF,Leicester City,29,1992,11.5,650,636,14,14,0,106,14,0,0,0,0,0,567,36,47,56,576,11,0,1,602,0,10,7,7
Illan Meslier,fr FRA,GK,Leeds United,21,2000,37.6,1377,1011,366,79,0,103,34,0,0,0,0,0,794,62,521,883,214,1,0,256,1008,4,46,11,2
Luka Milivojević,rs SRB,MF,Crystal Palace,30,1991,8.6,483,432,51,23,0,52,27,15,27,11,11,0,323,50,110,65,368,31,1,4,386,1,4,15,13
James Milner,eng ENG,MFDF,Liverpool,35,1986,9.5,749,691,58,16,2,83,20,20,13,0,10,0,532,108,109,58,624,26,29,2,623,2,9,20,19
Yerry Mina,co COL,DF,Everton,26,1994,9.4,353,345,8,5,0,69,13,2,0,0,0,0,251,44,58,54,243,35,3,1,289,1,8,6,8
Takumi Minamino,jp JPN,FWMF,Liverpool,26,1995,2.1,75,75,0,0,1,15,1,0,0,0,0,0,61,9,5,13,58,1,0,1,63,1,1,2,1
Tyrone Mings,eng ENG,DF,Aston Villa,28,1993,35.4,1580,1507,73,53,2,162,37,4,0,0,0,0,1089,131,360,1158,254,98,18,2,1272,3,37,29,19
Tyrick Mitchell,eng ENG,DF,Crystal Palace,21,1999,34.5,1900,1497,403,33,1,227,16,56,4,2,2,0,1011,366,523,1290,146,78,366,1,1384,8,48,75,74
Jakub Moder,pl POL,MFFW,Brighton,22,1999,18.9,806,777,29,10,0,127,11,28,8,4,3,0,601,99,106,182,568,28,7,3,590,2,12,32,36
Wesley Moraes,br BRA,FW,Aston Villa,24,1996,0,2,2,0,0,0,2,0,0,0,0,0,0,0,1,1,0,0,0,0,0,2,0,0,0,0
Tyler Morton,eng ENG,MF,Liverpool,18,2002,0.7,37,37,0,0,0,7,3,0,0,0,0,0,25,3,9,0,32,2,0,0,32,0,0,1,1
Mason Mount,eng ENG,MFFW,Chelsea,22,1999,26.3,1272,1161,111,13,6,215,44,79,91,38,43,2,936,134,202,122,1109,22,4,5,991,6,12,44,45
Lucas Moura,br BRA,FWMF,Tottenham,28,1992,19.7,765,746,19,8,7,159,5,26,1,0,0,0,562,89,114,85,606,26,7,6,576,9,8,43,24
João Moutinho,pt POR,MF,Wolves,34,1986,33,1983,1807,176,88,3,337,106,32,75,14,41,4,1343,242,398,135,1730,91,6,6,1671,3,21,43,34
Bali Mumba,eng ENG,DF,Norwich City,19,2001,0.5,10,10,0,0,0,3,0,0,0,0,0,0,7,1,2,4,5,1,0,0,7,1,0,0,0
Jacob Murphy,eng ENG,FWDF,Newcastle Utd,26,1995,16.4,572,486,86,9,1,93,11,49,4,3,0,1,290,163,119,94,361,33,73,1,364,2,14,36,41
Enock Mwepu,zm ZAM,MFFW,Brighton,23,1998,11.1,398,394,4,2,1,85,7,9,0,0,0,0,282,61,55,43,316,26,1,5,300,0,6,20,13
Vitaliy Mykolenko,ua UKR,DF,Everton,22,1999,11.7,461,339,122,15,1,56,7,27,3,2,1,0,213,106,142,310,14,23,104,2,324,0,11,8,14
Marvelous Nakamba,zw ZIM,MF,Aston Villa,27,1994,10,374,365,9,8,0,49,3,1,0,0,0,0,303,28,43,301,41,23,0,1,319,1,3,15,6
Wilfred Ndidi,ng NGA,MFDF,Leicester City,24,1996,18,919,897,22,20,0,165,18,2,0,0,0,0,681,101,137,101,726,52,2,3,757,2,16,24,20
Tanguy Ndombele,fr FRA,MF,Tottenham,24,1996,5.4,264,256,8,2,0,34,2,2,0,0,0,0,241,14,9,20,238,3,0,1,228,0,1,12,7
Reiss Nelson,eng ENG,FW,Arsenal,21,1999,0.2,11,11,0,0,0,0,0,0,0,0,0,0,9,1,1,2,8,1,0,0,10,0,0,0,1
Pedro Neto,pt POR,FWMF,Wolves,21,2000,5.2,228,201,27,6,0,36,13,23,17,5,8,1,157,22,49,186,29,9,1,1,171,0,2,7,8
Rúben Neves,pt POR,MF,Wolves,24,1997,29.6,1925,1856,69,59,9,323,123,21,6,0,3,0,1383,181,361,162,1698,36,4,5,1593,12,39,62,30
Jeremy Ngakia,eng ENG,DF,Watford,20,2000,10,433,343,90,9,0,72,5,18,3,0,3,0,212,100,121,26,285,27,78,2,322,3,11,11,17
Saúl Ñíguez,es ESP,MFDF,Chelsea,26,1994,5.3,348,319,29,11,0,33,4,6,0,0,0,0,250,52,46,240,71,13,18,0,302,0,4,12,7
Eddie Nketiah,eng ENG,FW,Arsenal,22,1999,9.3,233,224,9,0,0,35,3,11,0,0,0,0,183,29,21,31,183,12,0,1,187,0,3,10,8
Nicolas Nkoulou,cm CMR,DF,Watford,31,1990,1.9,53,52,1,1,0,0,2,0,0,0,0,0,37,6,10,4,46,2,0,1,46,0,0,1,0
Mark Noble,eng ENG,MF,West Ham,34,1987,3.7,276,265,11,8,0,25,5,0,1,0,0,0,232,13,31,12,259,4,0,0,249,1,5,4,3
Christian Nørgaard,dk DEN,MF,Brentford,27,1994,33.9,1655,1566,89,43,3,280,27,14,0,0,0,0,1129,217,309,237,1236,121,5,8,1321,2,25,70,29
Mathias Normann,no NOR,MF,Norwich City,25,1996,18.3,778,719,59,30,5,120,47,15,20,13,3,1,429,112,237,75,617,47,8,5,537,3,27,41,20
Martin Ødegaard,no NOR,MF,Arsenal,22,1998,30.9,1598,1476,122,32,8,247,35,26,31,17,7,3,1244,172,182,1400,129,34,11,13,1355,7,15,54,34
Angelo Ogbonna,it ITA,DF,West Ham,33,1988,10.2,452,447,5,3,0,41,1,0,0,0,0,0,353,22,77,264,156,19,1,1,392,2,5,2,3
Michael Olise,fr FRA,FWMF,Crystal Palace,19,2001,12.7,640,565,75,34,3,94,38,48,31,20,6,0,418,65,157,523,85,12,10,4,464,6,17,20,24
Robin Olsen,se SWE,GK,Aston Villa,31,1990,1,48,26,22,2,0,1,1,0,0,0,0,0,13,1,34,3,33,0,0,6,25,1,3,0,1
Andrew Omobamidele,ie IRL,DF,Norwich City,19,2002,4.2,226,210,16,8,0,27,7,0,0,0,0,0,174,14,38,19,177,19,8,1,196,0,2,1,3
Tyler Onyango,eng ENG,MFFW,Everton,18,2003,0.3,1,1,0,0,0,0,0,0,0,0,0,0,0,0,1,0,0,1,0,0,0,0,0,1,0
Frank Onyeka,ng NGA,MF,Brentford,23,1998,11.6,327,318,9,1,0,61,6,6,0,0,0,0,228,45,54,30,249,24,7,2,261,0,6,13,8
Divock Origi,be BEL,FW,Liverpool,26,1995,1.5,37,37,0,0,0,11,1,1,0,0,0,0,30,5,2,1,34,0,0,0,30,0,0,2,1
Alex Oxlade-Chamberlain,eng ENG,MFFW,Liverpool,27,1993,8.7,403,393,10,3,0,63,9,22,2,1,1,0,295,43,65,35,349,12,1,3,318,1,6,8,18
Cole Palmer,eng ENG,FWMF,Manchester City,19,2002,1.4,53,53,0,0,2,13,0,4,0,0,0,0,44,2,7,45,5,1,0,0,45,0,0,0,0
Emerson Palmieri,it ITA,DF,Chelsea,26,1994,0.1,2,2,0,0,0,1,0,0,0,0,0,0,2,0,0,2,0,0,0,0,1,0,0,1,0
Thomas Partey,gh GHA,MF,Arsenal,28,1993,22.5,1183,1160,23,21,2,154,37,3,0,0,0,0,887,145,151,87,1030,41,2,5,1016,3,17,35,16
Nicolas Pépé,ci CIV,FWMF,Arsenal,26,1995,7.7,365,327,38,3,1,68,11,11,32,10,10,6,271,35,59,310,22,10,3,3,293,3,3,10,6
Ricardo Pereira,pt POR,DF,Leicester City,27,1993,11,646,541,105,3,0,89,7,17,0,0,0,0,403,126,117,74,443,15,102,0,520,0,4,23,28
Ayoze Pérez,es ESP,MFFW,Leicester City,28,1993,4.9,155,152,3,0,0,50,3,4,0,0,0,0,106,32,17,14,123,6,1,5,121,1,3,6,7
Sonny Perkins,eng ENG,FW,West Ham,17,2004,0,1,1,0,0,0,1,0,0,0,0,0,0,0,0,1,0,0,0,0,0,0,0,0,0,0
Romain Perraud,fr FRA,DF,Southampton,23,1997,18,750,597,153,6,0,101,12,49,3,0,2,0,382,157,211,532,37,24,144,1,492,2,12,28,48
Kalvin Phillips,eng ENG,MF,Leeds United,25,1995,17.7,943,897,46,32,0,140,46,7,4,3,0,1,600,132,211,102,790,30,6,1,768,2,18,34,12
Jaden Philogene Bidace,eng ENG,FW,Aston Villa,19,2002,0.1,0,0,0,0,0,0,0,0,0,0,0,0,0,0,0,0,0,0,0,0,0,0,0,0,0
Jordan Pickford,eng ENG,GK,Everton,27,1994,35,1135,737,398,134,0,84,56,0,0,0,0,0,282,29,824,794,126,0,0,108,594,6,52,22,4
Erik Pieters,nl NED,DF,Burnley,32,1988,8.1,344,264,80,3,1,47,6,4,0,0,0,0,146,102,96,219,19,22,77,1,242,3,7,13,15
Ethan Pinnock,jm JAM,DF,Brentford,28,1993,29.9,1555,1316,239,41,0,196,19,28,0,0,0,0,844,269,442,989,117,154,197,3,1180,7,21,30,17
Przemysław Płacheta,pl POL,FWMF,Norwich City,23,1998,5.6,157,138,19,1,1,32,7,10,11,6,3,1,90,28,39,127,14,5,7,1,107,1,2,3,13
Daniel Podence,pt POR,FWMF,Wolves,25,1995,16.5,636,598,38,3,5,128,24,34,18,2,10,3,420,99,117,77,518,16,10,13,465,1,8,47,26
Paul Pogba,fr FRA,MFFW,Manchester Utd,28,1993,15,879,865,14,12,5,184,47,15,1,0,0,0,655,89,135,94,737,18,0,7,738,3,17,30,20
Nick Pope,eng ENG,GK,Burnley,29,1992,36,1078,653,425,140,1,50,24,0,0,0,0,0,183,46,849,42,791,1,0,139,530,12,37,11,4
Isaac Price,nir NIR,MF,Everton,17,2003,0.2,1,1,0,0,0,0,0,0,0,0,0,0,1,0,0,0,1,0,0,0,1,0,0,0,0
Teemu Pukki,fi FIN,FW,Norwich City,31,1990,36.1,526,437,89,0,1,105,10,25,0,0,0,0,372,95,59,57,419,29,2,9,392,1,7,27,25
Christian Pulisic,us USA,MFFW,Chelsea,22,1998,14.3,462,445,17,1,0,116,2,13,0,0,0,0,369,55,38,86,341,10,11,3,368,2,7,20,20
Jesuran Rak Sakyi,eng ENG,FWMF,Crystal Palace,18,2002,0.9,30,28,2,2,0,17,1,1,0,0,0,0,23,6,1,27,3,0,0,0,25,0,0,2,1
Aaron Ramsdale,eng ENG,GK,Arsenal,23,1998,34,1156,880,276,83,0,88,35,0,0,0,0,0,612,45,499,83,862,1,1,157,788,3,46,17,4
Jacob Ramsey,eng ENG,MF,Aston Villa,20,2001,27.4,1042,1025,17,8,1,174,16,16,0,0,0,0,881,78,83,180,812,26,5,0,898,2,13,27,32
Raphinha,br BRA,FWMF,Leeds United,24,1996,32.4,1281,1098,183,44,5,185,74,90,77,50,14,3,717,223,341,1047,117,25,59,14,817,0,29,74,60
Marcus Rashford,eng ENG,FWMF,Manchester Utd,23,1997,13.7,422,413,9,2,0,77,3,25,0,0,0,0,309,64,49,39,346,17,3,4,297,3,9,22,22
Milot Rashica,xk KVX,FWMF,Norwich City,25,1996,24.8,597,518,79,23,1,108,42,80,42,19,16,1,348,78,171,103,436,29,14,3,376,2,17,25,27
David Raya,es ESP,GK,Brentford,25,1995,24,1051,771,280,80,0,80,50,0,0,0,0,0,433,33,585,77,778,2,0,116,705,6,38,18,4
Nathan Redmond,eng ENG,MFFW,Southampton,27,1994,20.4,726,688,38,2,4,155,12,51,13,5,7,0,473,106,147,63,615,29,3,2,511,2,11,36,22
Sergio Reguilón,es ESP,DF,Tottenham,24,1996,21.3,986,821,165,18,1,98,29,59,10,6,1,0,593,184,209,740,60,35,137,1,744,4,12,34,43
Declan Rice,eng ENG,MF,West Ham,22,1999,35.3,2151,2121,30,23,1,309,85,37,0,0,0,0,1752,143,256,297,1725,86,7,2,1950,6,19,30,22
Taylor Richards,eng ENG,MFFW,Brighton,20,2000,0.3,27,27,0,0,0,2,0,0,0,0,0,0,26,0,1,26,1,0,0,0,23,0,0,1,1
Richarlison,br BRA,FWMF,Everton,24,1997,28,570,553,17,1,3,214,12,29,0,0,0,0,357,120,93,103,377,48,1,9,352,3,20,35,51
Jaïro Riedewald,nl NED,MF,Crystal Palace,24,1996,1.3,54,49,5,2,0,8,3,0,2,1,1,0,42,5,7,42,9,2,1,0,45,0,1,2,2
Matt Ritchie,sct SCO,DF,Newcastle Utd,31,1989,14.9,703,517,186,34,1,74,45,45,48,30,17,0,330,151,222,447,109,33,103,2,511,3,13,22,15
Connor Roberts,wls WAL,DF,Burnley,25,1995,18.8,834,639,195,8,2,81,13,28,2,0,0,0,433,120,281,55,529,49,185,1,562,2,12,38,26
Tyler Roberts,wls WAL,MFFW,Leeds United,22,1999,11,301,284,17,2,0,58,7,16,0,0,0,0,211,52,38,43,236,11,4,2,222,0,14,8,13
Andrew Robertson,sct SCO,DF,Liverpool,27,1994,28.2,2294,1942,352,52,2,165,69,89,80,8,67,0,1525,359,410,1843,136,68,220,3,1859,7,24,58,66
Joe Rodon,wls WAL,DF,Tottenham,23,1997,1,31,31,0,0,0,4,0,0,0,0,0,0,24,4,3,0,27,1,0,0,28,0,1,0,0
Rodri,es ESP,MF,Manchester City,25,1996,32,2796,2755,41,35,2,464,103,8,0,0,0,0,2177,234,385,371,2248,102,6,5,2587,5,19,39,15
Rodrigo,es ESP,MFFW,Leeds United,30,1991,25.2,895,838,57,8,5,189,26,28,10,3,3,1,598,173,124,710,96,39,10,18,667,2,18,55,35
Jay Rodriguez,eng ENG,FW,Burnley,32,1989,15.4,319,315,4,0,0,106,3,8,0,0,0,0,165,72,82,13,207,39,1,14,209,2,9,8,11
Mads Roerslev,dk DEN,DF,Brentford,22,1999,13.8,343,318,25,0,0,46,5,23,0,0,0,0,181,65,97,14,270,23,25,2,229,1,10,16,11
Cristian Romero,ar ARG,DF,Tottenham,23,1998,20.5,1278,1237,41,32,1,160,29,2,0,0,0,0,1009,109,160,56,1133,45,9,8,1117,1,14,30,21
Oriol Romeu,es ESP,MF,Southampton,29,1991,32.1,1685,1649,36,34,4,346,58,7,0,0,0,0,1185,155,345,249,1265,104,1,4,1396,5,24,35,29
Cristiano Ronaldo,pt POR,FW,Manchester Utd,36,1985,27.3,888,857,31,2,2,175,9,12,0,0,0,0,687,125,76,118,682,40,6,20,718,3,10,38,30
Salomón Rondón,ve VEN,FW,Everton,31,1989,8.8,192,186,6,0,0,73,2,3,0,0,0,0,90,60,42,27,93,26,1,9,128,0,3,7,8
Danny Rose,eng ENG,DF,Watford,31,1990,7.7,331,219,112,18,1,25,14,15,8,5,3,0,118,85,128,189,32,20,86,1,221,2,5,10,17
Jon Rowe,eng ENG,FWMF,Norwich City,18,2003,2.5,71,68,3,1,0,16,2,5,2,1,0,1,60,6,5,12,57,0,0,0,50,1,4,3,4
John Ruddy,eng ENG,GK,Wolves,34,1986,1.5,29,14,15,1,0,4,0,0,0,0,0,0,17,1,11,2,21,0,0,4,19,0,1,0,0
Antonio Rüdiger,de GER,DF,Chelsea,28,1993,33.7,2447,2390,57,45,4,239,84,14,0,0,0,0,1924,153,370,651,1678,67,12,5,2162,9,31,42,20
Lukas Rupp,de GER,MF,Norwich City,30,1991,8.5,393,390,3,1,2,71,9,4,0,0,0,0,286,55,52,60,315,10,1,3,327,4,10,13,12
José Sá,pt POR,GK,Wolves,28,1993,36.5,1089,744,345,86,0,48,15,0,0,0,0,0,546,46,497,66,731,3,0,197,740,3,31,14,1
Allan Saint-Maximin,fr FRA,FWMF,Newcastle Utd,24,1997,31.2,758,733,25,1,6,174,29,69,0,0,0,0,572,100,86,80,640,17,5,2,547,6,21,30,53
Romain Saïss,ma MAR,DF,Wolves,31,1990,30.1,1718,1665,53,40,0,166,39,7,0,0,0,0,1228,145,345,1385,179,99,13,2,1415,5,24,55,25
Bukayo Saka,eng ENG,FWMF,Arsenal,19,2001,33.1,1184,1090,94,15,0,240,36,72,59,47,1,5,848,151,185,898,224,20,19,3,892,4,14,55,50
Mohamed Salah,eg EGY,FW,Liverpool,29,1992,30.7,1118,1108,10,0,16,199,14,51,1,1,0,0,862,139,117,908,161,24,6,11,869,6,16,59,50
Mohammed Salisu,gh GHA,DF,Southampton,22,1999,33,1780,1649,131,37,1,267,20,26,0,0,0,0,1179,131,470,1381,124,113,93,4,1375,2,35,45,23
Albert Sambi Lokonga,be BEL,MF,Arsenal,21,1999,12.6,802,773,29,25,1,116,20,3,0,0,0,0,643,59,100,139,613,26,3,2,719,1,8,19,5
Davinson Sánchez,co COL,DF,Tottenham,25,1996,18.1,1088,1058,30,23,1,105,26,2,0,0,0,0,895,66,127,121,886,41,7,5,972,1,14,15,6
Robert Sánchez,es ESP,GK,Brighton,23,1997,37,1500,1190,310,79,0,117,56,0,0,0,0,0,840,50,610,206,1067,0,0,164,1053,6,43,31,5
Jadon Sancho,eng ENG,FWMF,Manchester Utd,21,2000,21.1,982,953,29,2,1,168,7,32,8,0,1,1,821,95,66,103,826,29,18,4,810,3,5,63,19
Morgan Sanson,fr FRA,MF,Aston Villa,26,1994,4,157,156,1,0,0,32,2,6,0,0,0,0,126,11,20,25,124,4,1,2,121,0,2,8,6
Samir Santos,br BRA,DF,Watford,26,1994,18.6,659,644,15,14,1,86,15,0,0,0,0,0,439,66,154,485,93,54,1,0,537,2,18,3,7
Josh Sargent,us USA,FWMF,Norwich City,21,2000,17.5,402,393,9,0,0,121,1,13,0,0,0,0,269,75,58,80,243,31,5,8,298,0,7,20,20
Jeremy Sarmiento,ec ECU,FWMF,Brighton,19,2002,0.5,20,19,1,0,0,5,0,0,0,0,0,0,13,4,3,1,16,1,1,0,14,1,0,3,0
Ismaila Sarr,sn SEN,FWMF,Watford,23,1998,20.7,467,458,9,2,0,96,13,48,0,0,0,0,313,79,75,24,398,30,4,3,330,0,8,27,27
Malang Sarr,fr FRA,DF,Chelsea,22,1999,6.1,473,440,33,11,0,40,8,4,0,0,0,0,386,38,49,383,53,9,22,1,424,0,9,3,6
Dane Scarlett,eng ENG,MF,Tottenham,17,2004,0,1,1,0,0,0,1,0,0,0,0,0,0,1,0,0,1,0,0,0,0,1,0,0,0,0
Fabian Schär,ch SUI,DF,Newcastle Utd,29,1991,24,953,871,82,71,2,101,63,6,0,0,0,0,528,86,339,119,743,51,11,2,679,6,29,37,12
Jeffrey Schlupp,gh GHA,MFFW,Crystal Palace,28,1992,20.6,666,657,9,8,1,129,8,19,0,0,0,0,479,72,115,463,118,54,0,4,504,5,18,26,24
Kasper Schmeichel,dk DEN,GK,Leicester City,34,1986,37,1253,829,424,131,0,74,55,0,0,0,0,0,589,52,612,53,985,0,1,149,902,4,49,23,3
Ken Sema,se SWE,MFFW,Watford,27,1993,9.5,213,192,21,8,0,44,12,18,9,6,1,1,117,37,59,157,26,15,4,2,132,0,7,5,19
Nélson Semedo,pt POR,DF,Wolves,27,1993,23.7,1152,933,219,5,1,168,10,26,0,0,0,0,707,260,185,160,741,17,214,7,908,5,26,35,41
Ryan Sessegnon,eng ENG,DF,Tottenham,21,2000,11.6,424,355,69,5,0,56,9,26,1,0,0,0,256,100,68,279,61,12,63,0,315,2,14,12,20
Jamie Shackleton,eng ENG,DFMF,Leeds United,21,1999,7.9,409,347,62,3,0,46,1,4,0,0,0,0,293,94,22,83,254,9,59,1,352,0,5,12,14
Luke Shaw,eng ENG,DF,Manchester Utd,26,1995,17.8,1172,951,221,14,1,146,43,44,54,16,29,2,702,250,220,903,58,36,153,5,938,6,8,36,45
Jonjo Shelvey,eng ENG,MF,Newcastle Utd,29,1992,22,914,835,79,32,2,120,74,13,27,13,8,2,568,80,266,100,777,25,3,3,733,3,13,19,6
Shola Shoretire,eng ENG,FW,Manchester Utd,17,2004,0.2,5,5,0,0,0,1,0,0,0,0,0,0,4,0,1,0,4,1,0,0,5,0,0,0,0
Francisco Sierralta,cl CHI,DF,Watford,24,1997,4.7,169,164,5,5,0,17,5,0,0,0,0,0,122,8,39,17,137,8,0,0,143,1,4,0,0
Bernardo Silva,pt POR,MFFW,Manchester City,26,1994,31.7,1920,1839,81,23,6,251,25,65,14,1,0,0,1598,169,153,1685,160,34,27,7,1697,3,12,42,48
Fábio Silva,pt POR,FW,Wolves,19,2002,6.4,132,119,13,0,1,34,2,4,0,0,0,0,96,21,15,7,109,6,0,1,93,0,0,11,7
Thiago Silva,br BRA,DF,Chelsea,36,1984,29.4,2524,2470,54,48,3,201,46,1,0,0,0,0,2033,185,306,223,2164,91,3,4,2345,5,14,29,12
Ellis Simms,eng ENG,FW,Everton,20,2001,0.7,15,15,0,0,0,7,0,0,0,0,0,0,4,9,2,2,6,4,0,0,8,0,2,0,0
Moussa Sissoko,fr FRA,MF,Watford,31,1989,35.8,1185,1153,32,17,1,231,28,24,0,0,0,0,781,164,240,112,889,112,12,6,945,3,17,51,30
Oliver Skipp,eng ENG,MF,Tottenham,20,2000,15,822,804,18,17,1,97,14,5,0,0,0,0,689,61,72,44,742,22,1,4,736,0,8,24,16
William Smallbone,ie IRL,MFFW,Southampton,21,2000,1.5,38,34,4,1,0,13,0,1,0,0,0,0,19,11,8,3,31,1,1,0,22,0,1,2,5
Emile Smith Rowe,eng ENG,MFFW,Arsenal,21,2000,21.3,811,772,39,4,3,100,18,21,25,19,3,0,653,74,84,139,636,20,7,3,691,2,5,21,14
Cédric Soares,pt POR,DF,Arsenal,29,1991,16.5,1110,909,201,33,0,104,40,62,31,21,0,4,670,183,257,95,805,58,137,0,874,6,19,24,30
Jakob Sørensen,dk DEN,MFDF,Norwich City,23,1998,6.7,300,291,9,5,0,33,9,0,0,0,0,0,206,38,56,39,234,14,3,2,247,0,3,10,3
Tomáš Souček,cz CZE,MF,West Ham,26,1995,34,1332,1314,18,14,1,253,39,13,0,0,0,0,864,165,303,150,945,126,3,14,1035,0,24,30,30
Boubakary Soumaré,fr FRA,MF,Leicester City,22,1999,12.2,551,547,4,3,3,129,9,5,0,0,0,0,411,60,80,97,398,27,1,2,449,1,7,22,8
Çağlar Söyüncü,tr TUR,DF,Leicester City,25,1996,27.7,1822,1774,48,41,0,195,50,5,0,0,0,0,1394,126,302,403,1272,79,4,8,1570,5,29,29,15
Tony Springett,eng ENG,FWMF,Norwich City,18,2002,1.6,38,37,1,0,0,3,2,2,1,1,0,0,30,1,7,27,10,1,0,0,26,0,0,2,3
Jason Steele,eng ENG,GK,Brighton,30,1990,1,38,32,6,0,0,0,2,0,0,0,0,0,31,1,6,2,34,0,0,2,34,0,0,0,0
Jed Steer,eng ENG,GK,Aston Villa,28,1992,1,36,27,9,3,0,0,0,0,0,0,0,0,24,0,12,19,10,0,0,6,27,0,0,0,0
Zack Steffen,us USA,GK,Manchester City,26,1995,1,38,29,9,2,0,5,0,0,0,0,0,0,29,1,8,3,28,1,0,6,33,0,1,0,0
Dale Stephens,eng ENG,MF,Burnley,32,1989,1.4,57,57,0,0,0,14,1,0,0,0,0,0,35,9,13,5,47,4,0,0,44,0,1,2,1
Jack Stephens,eng ENG,DF,Southampton,27,1994,9,445,423,22,14,0,70,11,0,0,0,0,0,308,32,105,22,378,24,8,1,348,2,6,10,8
Raheem Sterling,eng ENG,FW,Manchester City,26,1994,23.6,876,866,10,3,1,144,7,52,2,0,0,1,737,67,72,80,781,5,3,4,722,5,6,30,44
Finley Stevens,wls WAL,DF,Brentford,18,2003,0.2,8,8,0,0,0,2,1,0,0,0,0,0,3,3,2,0,6,1,0,0,5,0,1,0,0
John Stones,eng ENG,DF,Manchester City,27,1994,12.4,976,940,36,14,0,127,29,1,0,0,0,0,806,57,113,135,763,25,22,3,905,2,5,9,6
Pascal Struijk,nl NED,DF,Leeds United,21,1999,22.8,1213,1163,50,29,0,143,32,0,0,0,0,0,925,128,160,905,202,54,21,3,1059,3,19,30,17
Crysencio Summerville,nl NED,MFFW,Leeds United,19,2001,1.4,69,68,1,0,0,11,1,4,0,0,0,0,58,6,5,5,62,0,1,0,50,0,2,4,4
Japhet Tanganga,eng ENG,DF,Tottenham,22,1999,8.2,396,341,55,5,0,41,8,10,0,0,0,0,259,65,72,35,286,16,50,2,327,0,7,13,5
Matt Targett,eng ENG,DF,Aston Villa,25,1995,15.9,805,657,148,19,0,100,27,41,9,0,2,6,421,163,221,554,68,39,120,3,599,1,10,30,33
Matt Targett,eng ENG,DF,Newcastle Utd,25,1995,16,777,558,219,28,0,98,29,30,35,22,10,2,366,166,245,485,68,52,156,2,568,4,6,29,25
James Tarkowski,eng ENG,DF,Burnley,28,1992,34.5,1120,1100,20,16,1,193,68,2,0,0,0,0,503,147,470,131,707,168,4,3,802,4,42,28,10
Nuno Tavares,pt POR,DF,Arsenal,21,2000,13.1,714,603,111,10,0,82,24,32,0,0,0,0,471,146,97,483,95,18,101,1,584,1,14,16,32
Charlie Taylor,eng ENG,DF,Burnley,27,1993,30.3,1364,1065,299,14,1,188,32,67,0,0,0,0,568,338,458,912,45,74,285,1,977,10,32,36,59
Nathan Tella,eng ENG,MFFW,Southampton,22,1999,8.9,181,173,8,1,0,41,5,9,2,0,0,0,117,22,42,45,111,15,2,1,112,1,4,8,12
Alex Telles,br BRA,DF,Manchester Utd,28,1992,18.4,1178,966,212,23,1,142,32,63,50,21,23,3,699,198,281,919,67,34,139,3,887,5,14,43,29
Luke Thomas,eng ENG,DF,Leicester City,20,2001,21.2,1256,1018,238,19,3,168,9,23,2,1,1,0,774,275,207,866,80,66,217,3,1008,1,16,39,41
Dominic Thompson,eng ENG,DF,Brentford,21,2000,1.6,41,39,2,1,0,4,1,1,0,0,0,0,23,8,10,25,11,3,1,0,21,1,3,4,3
Youri Tielemans,be BEL,MF,Leicester City,24,1997,29.2,1746,1655,91,48,5,320,50,24,25,12,7,2,1338,146,262,318,1336,57,13,4,1437,7,27,67,33
Kieran Tierney,sct SCO,DF,Arsenal,24,1997,21.3,1164,979,185,10,0,97,40,72,0,0,0,0,704,202,258,830,94,53,175,1,904,7,18,37,32
Takehiro Tomiyasu,jp JPN,DF,Arsenal,22,1998,18.7,1085,926,159,18,2,122,23,27,0,0,0,0,669,215,201,257,568,73,141,4,883,3,19,23,18
James Tomkins,eng ENG,DF,Crystal Palace,32,1989,6.1,314,294,20,18,0,31,9,0,0,0,0,0,240,17,57,47,245,14,0,1,276,0,5,3,3
Ivan Toney,eng ENG,FW,Brentford,25,1996,32.3,779,752,27,5,13,224,8,29,2,1,0,0,385,210,184,92,481,55,9,33,458,6,20,49,47
Ferrán Torres,es ESP,FW,Manchester City,21,2000,3.4,72,67,5,0,0,16,0,2,0,0,0,0,55,14,3,6,62,3,0,0,55,0,1,4,4
Cenk Tosun,tr TUR,FW,Everton,30,1991,0.1,2,2,0,0,0,0,0,0,0,0,0,0,1,1,0,1,0,0,0,1,2,0,0,0,0
Andros Townsend,eng ENG,MF,Everton,30,1991,16.2,487,429,58,20,1,95,25,56,25,20,2,1,287,59,141,334,120,19,8,3,342,1,15,13,20
Adama Traoré,es ESP,FW,Wolves,25,1996,11.9,329,327,2,0,0,74,9,28,0,0,0,0,231,41,57,52,255,6,2,3,245,1,9,12,20
Bertrand Traoré,bf BFA,MFFW,Aston Villa,25,1995,2.4,83,81,2,0,0,15,2,6,0,0,0,0,56,12,15,69,6,3,1,0,62,0,2,6,3
Trézéguet,eg EGY,FW,Aston Villa,26,1994,0.1,6,6,0,0,0,0,0,0,0,0,0,0,5,0,1,0,6,0,0,0,6,0,0,0,0
Francisco Trincão,pt POR,FWMF,Wolves,21,1999,14.8,458,434,24,6,1,92,15,24,14,2,8,0,336,48,74,392,39,18,3,3,353,1,2,19,20
Kieran Trippier,eng ENG,DF,Newcastle Utd,30,1990,4.8,276,191,85,17,0,35,18,11,15,3,6,5,104,63,109,12,186,16,53,1,190,0,6,8,9
William Troost-Ekong,ng NGA,DF,Watford,27,1993,15.4,557,542,15,13,0,57,29,1,0,0,0,0,356,41,160,63,440,34,2,1,440,1,13,11,6
Leandro Trossard,be BEL,FWMF,Brighton,26,1994,31.2,1188,1145,43,10,5,243,58,62,7,2,3,0,827,175,186,223,921,22,9,5,918,5,11,50,55
Kostas Tsimikas,gr GRE,DF,Liverpool,25,1996,9.7,698,565,133,12,0,65,35,57,44,7,32,3,392,137,169,483,113,20,77,0,512,1,5,27,33
Axel Tuanzebe,eng ENG,DF,Aston Villa,23,1997,5.6,227,221,6,6,0,22,7,1,0,0,0,0,177,22,28,17,191,15,0,1,197,0,4,4,1
Ozan Tufan,tr TUR,MF,Watford,26,1995,3.7,122,112,10,3,0,30,2,3,5,1,2,0,75,23,24,14,96,9,0,0,85,0,1,5,12
Christos Tzolis,gr GRE,FWMF,Norwich City,19,2002,3.7,102,101,1,0,0,43,3,9,1,1,0,0,71,21,10,22,70,6,0,1,75,0,5,1,7
Yan Valery,fr FRA,DF,Southampton,22,1999,4.1,155,140,15,3,0,24,2,2,0,0,0,0,96,23,36,5,123,7,12,2,108,0,6,9,6
Virgil van Dijk,nl NED,DF,Liverpool,30,1991,34,2520,2449,71,64,0,217,89,0,0,0,0,0,1977,185,358,370,1906,138,7,11,2287,2,23,24,10
Raphaël Varane,fr FRA,DF,Manchester Utd,28,1993,20.3,1096,1054,42,39,0,106,42,0,0,0,0,0,845,86,165,437,563,51,3,1,986,1,14,13,7
Jamie Vardy,eng ENG,FW,Leicester City,34,1987,20.1,266,230,36,0,1,59,3,17,0,0,0,0,183,53,30,55,170,16,0,5,192,2,4,14,14
Joël Veltman,nl NED,DF,Brighton,29,1992,31.9,1842,1564,278,37,3,197,25,30,0,0,0,0,1115,286,441,263,1189,95,240,8,1440,4,44,63,47
Jannik Vestergaard,dk DEN,DF,Leicester City,28,1992,6.3,357,346,11,11,0,35,17,0,0,0,0,0,293,19,45,100,244,7,0,0,328,0,3,8,5
Nikola Vlašić,hr CRO,FWMF,West Ham,23,1997,6.2,220,219,1,1,0,69,7,15,0,0,0,0,164,30,26,57,150,5,0,3,170,0,6,11,7
Matěj Vydra,cz CZE,FW,Burnley,29,1992,7.5,112,112,0,0,0,31,0,3,0,0,0,0,60,37,15,16,55,16,0,10,76,1,3,9,3
Theo Walcott,eng ENG,MFFW,Southampton,32,1989,4.2,86,85,1,0,0,13,0,4,0,0,0,0,54,16,16,7,69,6,1,1,61,0,2,1,7
Kyle Walker,eng ENG,DF,Manchester City,31,1990,19.5,1647,1497,150,22,3,118,54,28,0,0,0,0,1252,208,187,39,1406,53,128,4,1465,7,14,24,28
Kyle Walker-Peters,eng ENG,DF,Southampton,24,1997,29.3,1359,1114,245,15,3,219,11,33,0,0,0,0,863,225,271,123,936,50,230,3,1071,2,19,45,53
Aaron Wan-Bissaka,eng ENG,DF,Manchester Utd,23,1997,19.9,1113,933,180,11,0,140,20,22,0,0,0,0,784,230,99,70,838,24,169,0,929,2,10,51,36
Danny Ward,wls WAL,GK,Leicester City,28,1993,1,34,25,9,2,0,1,0,0,0,0,0,0,25,2,7,3,23,0,0,8,30,0,0,0,0
Joel Ward,eng ENG,DF,Crystal Palace,31,1989,27.6,1717,1423,294,38,2,210,32,30,3,0,0,3,1020,321,376,130,1215,69,253,7,1374,4,44,54,37
James Ward-Prowse,eng ENG,MF,Southampton,26,1994,35.7,2132,1803,329,106,1,253,116,68,212,101,96,2,1394,187,551,149,1842,110,3,2,1671,4,29,37,31
Ollie Watkins,eng ENG,FW,Aston Villa,25,1995,32.8,689,657,32,1,5,189,6,23,0,0,0,0,460,132,97,80,486,40,6,10,493,2,10,31,25
Adam Webster,eng ENG,DF,Brighton,26,1995,15.9,1137,1106,31,17,0,137,35,4,0,0,0,0,819,92,226,232,781,59,14,6,935,1,21,27,15
Wout Weghorst,nl NED,FW,Burnley,28,1992,16.1,432,424,8,0,2,136,5,8,0,0,0,0,239,112,81,25,293,40,1,22,288,2,3,32,26
Danny Welbeck,eng ENG,FW,Brighton,30,1990,16.4,284,281,3,0,0,81,1,6,0,0,0,0,203,41,40,22,214,11,1,6,227,1,1,12,9
Timo Werner,de GER,FWMF,Chelsea,25,1996,14.3,399,384,15,0,0,75,2,28,1,0,0,0,316,59,24,57,316,12,5,2,302,1,5,12,26
Ashley Westwood,eng ENG,MF,Burnley,31,1990,25.4,1226,1057,169,52,3,148,70,37,70,62,3,1,649,166,411,69,1099,40,4,5,859,14,20,42,29
Ben White,eng ENG,DF,Arsenal,23,1997,32,1793,1730,63,41,2,193,41,4,0,0,0,0,1361,144,288,171,1464,95,22,2,1538,4,32,36,19
Brandon Williams,eng ENG,DF,Norwich City,20,2000,23.6,1115,918,197,22,3,154,19,18,1,1,0,0,733,174,208,232,655,41,174,2,901,6,15,52,17
Neco Williams,wls WAL,DF,Liverpool,20,2001,0.1,8,7,1,0,0,2,0,1,0,0,0,0,6,2,0,0,7,0,1,0,8,0,0,0,0
Joe Willock,eng ENG,MF,Newcastle Utd,21,1999,22.6,542,522,20,2,0,117,9,13,0,0,0,0,417,72,53,65,436,20,4,3,438,1,9,14,15
Callum Wilson,eng ENG,FW,Newcastle Utd,29,1992,15.4,176,156,20,1,0,64,1,5,0,0,0,0,106,43,27,17,114,16,2,9,123,1,2,5,9
Harry Winks,eng ENG,MF,Tottenham,25,1996,10.1,662,630,32,20,6,84,19,9,9,3,4,0,537,43,82,65,581,11,0,0,573,2,6,23,6
Yoane Wissa,cd COD,FWMF,Brentford,24,1996,14.3,279,273,6,3,0,58,3,12,0,0,0,0,191,44,44,29,207,23,1,3,190,1,4,15,16
Chris Wood,nz NZL,FW,Newcastle Utd,29,1991,14.7,320,315,5,0,1,163,1,2,0,0,0,0,109,109,102,35,105,42,0,17,179,2,12,11,12
Chris Wood,nz NZL,FW,Burnley,29,1991,15.2,308,300,8,0,0,145,2,5,1,1,0,0,129,88,91,30,138,42,0,5,182,1,7,12,17
Freddie Woodman,eng ENG,GK,Newcastle Utd,24,1997,4,123,74,49,6,0,3,4,0,0,0,0,0,52,3,68,10,97,0,0,11,74,2,5,1,0
Granit Xhaka,ch SUI,MFDF,Arsenal,28,1992,25.9,1548,1491,57,36,3,193,52,18,0,0,0,0,1159,200,189,1216,203,71,18,11,1346,1,9,45,28
Andriy Yarmolenko,ua UKR,FW,West Ham,31,1989,3.5,107,105,2,0,0,18,2,5,0,0,0,0,78,10,19,59,41,3,0,1,79,1,1,2,6
Ashley Young,eng ENG,DFFW,Aston Villa,36,1985,13.9,627,529,98,15,1,81,22,29,4,1,2,0,367,120,140,117,402,23,75,3,481,3,16,15,23
Nathan Young-Coombes,eng ENG,FW,Brentford,18,2003,0,0,0,0,0,0,0,0,0,0,0,0,0,0,0,0,0,0,0,0,0,0,0,0,0,0
Wilfried Zaha,ci CIV,FW,Crystal Palace,28,1992,30.7,965,937,28,6,1,225,14,49,2,0,0,0,776,98,91,96,812,19,16,8,749,3,8,53,43
Christoph Zimmermann,de GER,DF,Norwich City,28,1993,1.7,66,63,3,3,0,9,1,0,0,0,0,0,46,4,16,14,48,4,0,0,48,0,2,4,3
Oleksandr Zinchenko,ua UKR,DF,Manchester City,24,1996,11.6,1061,977,84,10,2,91,14,28,5,0,2,0,821,119,121,868,74,31,69,4,947,2,3,28,23
Hakim Ziyech,ma MAR,FWMF,Chelsea,28,1993,14.7,737,678,59,11,3,96,23,65,32,10,20,1,514,73,150,613,85,12,16,1,543,5,14,29,29
Kurt Zouma,fr FRA,DF,West Ham,26,1994,23.1,950,925,25,22,1,69,23,2,0,0,0,0,748,61,141,160,708,52,1,1,845,0,18,4,2
